CAMIS,DBA,BORO,BUILDING,STREET,ZIPCODE,CUISINE DESCRIPTION,SCORE,GRADE,GRADE DATE
40363644,DOMINO'S,MANHATTAN,464,3 AVENUE,10016.0,Pizza,4.0,A,2017-03-30
40363945,DOMINO'S,MANHATTAN,148,WEST   72 STREET,10023.0,Pizza,12.0,A,2017-03-02
40364920,RIZZO'S FINE PIZZA,QUEENS,3013,STEINWAY STREET,11103.0,Pizza,12.0,A,2016-11-03
40365280,COMO PIZZA,MANHATTAN,4035,BROADWAY,10032.0,Pizza,10.0,A,2016-08-29
40365632,J&V FAMOUS PIZZA,BROOKLYN,6322,18 AVENUE,11204.0,Pizza,2.0,A,2017-04-05
40365882,NEW YORK PIZZA SUPREMA,MANHATTAN,413,8 AVENUE,10001.0,Pizza,12.0,A,2016-05-26
40366002,MARGHERITA PIZZA,QUEENS,16304,JAMAICA AVENUE,11432.0,Pizza,12.0,A,2017-03-10
40367789,DANI PIZZA AND RESTAURANT,QUEENS,8128,LEFFERTS BOULEVARD,11415.0,Pizza,9.0,A,2016-12-08
40369262,JOHN'S PIZZERIA,QUEENS,8502,GRAND AVENUE,11373.0,Pizza,3.0,A,2016-07-13
40369482,ARMANDO'S PIZZA,BROOKLYN,1366,PENNSYLVANIA AVENUE,11239.0,Pizza,13.0,A,2017-03-17
40372631,YANKEE JZ PIZZA,BRONX,1599,WESTCHESTER AVENUE,10472.0,Pizza,12.0,A,2016-12-20
40375286,LA VILLA DE PIZZA & RESTAURANT,QUEENS,8207,153 AVENUE,11414.0,Pizza,5.0,A,2017-03-01
40375899,NERON'S PIZZA,QUEENS,21532,HILLSIDE AVENUE,11427.0,Pizza,2.0,A,2017-03-09
40378970,CAESAR'S PALACE,MANHATTAN,493,AMSTERDAM AVENUE,10024.0,Pizza,10.0,A,2016-03-30
40380422,CARLOS PIZZA,QUEENS,7402,METROPOLITAN AVENUE,11379.0,Pizza,5.0,A,2017-03-01
40380996,SMILING PIZZA,BROOKLYN,323,7 AVENUE,11215.0,Pizza,4.0,A,2017-03-27
40382652,TOMMY'S PIZZA,BRONX,4033,EAST TREMONT AVENUE,10465.0,Pizza,12.0,A,2016-04-06
40383044,PIZZA WAGON,BROOKLYN,8606,5 AVENUE,11209.0,Pizza,10.0,A,2017-04-12
40383281,GABY'S PIZZA,QUEENS,20423,HILLSIDE AVENUE,11423.0,Pizza,8.0,A,2017-03-24
40383496,THE GROTTO,MANHATTAN,69,NEW STREET,10004.0,Pizza,8.0,A,2016-11-18
40383945,PIZZA D'ORO,STATEN ISLAND,3115,VICTORY BOULEVARD,10314.0,Pizza,11.0,A,2016-07-19
40384458,DREAM PIZZA,QUEENS,3767,JUNCTION BOULEVARD,11368.0,Pizza,5.0,A,2017-02-06
40384662,J & R PIZZA,BROOKLYN,1916,KINGS HIGHWAY,11229.0,Pizza,13.0,A,2016-09-07
40385584,PIZZA GARDEN,QUEENS,17101,NORTHERN BOULEVARD,11358.0,Pizza,13.0,A,2016-04-14
40385873,RAY'S PIZZA,MANHATTAN,829-831,7 AVENUE,10019.0,Pizza,4.0,A,2016-07-27
40386278,VENICE PIZZA,BRONX,1539,UNIONPORT ROAD,10462.0,Pizza,12.0,A,2016-09-07
40386303,PIZZA PLUS,BROOKLYN,359,SEVENTH AVENUE,11215.0,Pizza,13.0,A,2016-05-13
40386569,SAL AND CARMINE PIZZA,MANHATTAN,2671,BROADWAY,10025.0,Pizza,9.0,A,2016-12-15
40386722,SANREMO PIZZA,QUEENS,5601,MYRTLE AVENUE,11385.0,Pizza,7.0,A,2017-03-07
40387399,ARTURO'S PIZZA,BRONX,5189A,BROADWAY,10463.0,Pizza,7.0,A,2016-09-21
40388235,LUCKY PIZZA,QUEENS,2714,BRIDGE PLAZA SOUTH,11101.0,Pizza,9.0,A,2016-03-07
40388253,THE PIZZA PLACE,BRONX,1665,METROPOLITAN AVENUE,10462.0,Pizza,3.0,A,2016-04-05
40388419,FAMOUS FAMIGLIA PIZZERIA,MANHATTAN,2859,BROADWAY,10025.0,Pizza,10.0,A,2017-03-02
40388639,GLENDALE PIZZA,QUEENS,6827,MYRTLE AVENUE,11385.0,Pizza,5.0,A,2016-02-23
40389114,SACCO PIZZA,MANHATTAN,819,9 AVENUE,10019.0,Pizza,9.0,A,2017-01-30
40389138,RIVOLI PIZZA RESTAURANT,MANHATTAN,176,7 AVENUE SOUTH,10014.0,Pizza,16.0,B,2016-11-14
40389175,ROYAL PIZZA,BROOKLYN,945,PENNSYLVANIA AVENUE,11207.0,Pizza,5.0,A,2016-12-08
40389633,UNO PIZZERIA AND GRILL,QUEENS,3902,BELL BOULEVARD,11361.0,Pizza,8.0,A,2016-11-21
40389701,ROSA'S PIZZA,QUEENS,5526,69 STREET,11378.0,Pizza,25.0,B,2017-01-06
40391121,LAZZARAS PIZZA CAFE,MANHATTAN,221,WEST   38 STREET,10018.0,Pizza,9.0,A,2017-02-27
40392140,SALVATORE AND LLOYD'S PIZZA,STATEN ISLAND,3850,RICHMOND AVENUE,10312.0,Pizza,2.0,A,2016-02-10
40394329,FRANK'S PIZZA RESTAURANT,BROOKLYN,2134,FLATBUSH AVENUE,11234.0,Pizza,10.0,A,2016-08-03
40394357,ABITINO'S PIZZA,MANHATTAN,733,2 AVENUE,10016.0,Pizza,9.0,A,2016-09-22
40394650,GINO'S PIZZA,BROOKLYN,4006,13 AVENUE,11218.0,Pizza,10.0,A,2016-05-12
40395122,GINO'S PIZZERIA RESTAURANT,MANHATTAN,345,EAST   83 STREET,10028.0,Pizza,2.0,A,2017-02-22
40395200,UNO PIZZERIA AND GRILL,MANHATTAN,220,EAST   86 STREET,10028.0,Pizza,13.0,A,2017-01-17
40395597,ELMHURST FAMOUS PIZZA,QUEENS,8307,BROADWAY,11373.0,Pizza,12.0,A,2017-04-06
40395865,PIZZA NOSH,BROOKLYN,2807,NOSTRAND AVENUE,11229.0,Pizza,9.0,A,2016-10-20
40395921,GOLDEN PIZZA,BRONX,504,EAST  138 STREET,10454.0,Pizza,4.0,A,2016-03-29
40396492,ROYAL KING'S PIZZA,BROOKLYN,5211,5 AVENUE,11220.0,Pizza,4.0,A,2016-10-18
40396496,MR. PHIL'S PIZZA,BROOKLYN,7212,NEW UTRECHT AVE,11228.0,Pizza,8.0,A,2016-10-19
40396548,PUGSLEY PIZZA,BRONX,590,EAST  191 STREET,10458.0,Pizza,8.0,A,2016-09-12
40397190,BRAVO PIZZA,MANHATTAN,1367,BROADWAY,10018.0,Pizza,13.0,A,2016-12-05
40397458,LUCIA PIZZA,QUEENS,13655,ROOSEVELT AVENUE,11354.0,Pizza,12.0,A,2016-08-29
40397626,JENTANA'S PIZZA,BROOKLYN,5102,FT HAMILTON PARKWAY,11219.0,Pizza,7.0,A,2017-01-05
40398440,NICK'S PIZZA,QUEENS,10826,ASCAN AVENUE,11375.0,Pizza,5.0,A,2016-05-26
40398700,FAMOUS PIZZA,QUEENS,7512,37 AVENUE,11372.0,Pizza,13.0,A,2016-05-25
40398899,KNAPP ST PIZZA II,BROOKLYN,261,AVENUE X,11223.0,Pizza,18.0,B,2017-02-25
40398910,JOE'S PIZZA,BRONX,1858,ARCHER STREET,10460.0,Pizza,13.0,A,2016-03-31
40399422,PIZZA CHEF,QUEENS,15381,CROSS ISLAND PARKWAY,11357.0,Pizza,13.0,A,2017-03-08
40399867,DOMINO'S,MANHATTAN,181,CHURCH STREET,10007.0,Pizza,13.0,A,2016-08-24
40399911,LENNY'S PIZZA,BROOKLYN,1969,86 STREET,11214.0,Pizza,11.0,A,2016-07-11
40400251,QUENTIN PIZZA,BROOKLYN,3211,QUENTIN ROAD,11234.0,Pizza,4.0,A,2016-02-20
40400473,DOMINO'S,MANHATTAN,170,WEST   23 STREET,10011.0,Pizza,12.0,A,2016-08-12
40400492,AVELLINO RESTAURANT,QUEENS,9703,64 AVENUE,11374.0,Pizza,12.0,A,2016-05-02
40400898,VILLAGE MARIA PIZZA II,STATEN ISLAND,768,MANOR ROAD,10314.0,Pizza,7.0,A,2016-08-16
40401837,JERUSALEM PIZZA,BROOKLYN,1424,AVENUE M,11230.0,Pizza,13.0,A,2017-04-20
40401841,VILLAGE PIZZA,MANHATTAN,65,8 AVENUE,10014.0,Pizza,13.0,A,2016-05-16
40402007,GRAND AVENUE PIZZA,QUEENS,3424,30 AVENUE,11103.0,Pizza,13.0,A,2016-06-08
40511771,PIZZA PARK,MANHATTAN,1233,FIRST AVENUE,10065.0,Pizza,9.0,A,2016-08-31
40511852,DOMINO'S,MANHATTAN,1993,THIRD AVENUE,10029.0,Pizza,13.0,A,2016-11-09
40514734,TONY'S PIZZA,BROOKLYN,355,GRAHAM AVENUE,11211.0,Pizza,10.0,A,2017-01-25
40515448,FREDDIE & PEPPER'S PIZZA,MANHATTAN,303,AMSTERDAM AVENUE,10023.0,Pizza,9.0,A,2017-02-08
40525767,CAPRI II PIZZA,BRONX,149,DREISER LOOP,10475.0,Pizza,7.0,A,2016-10-11
40535659,ANTONIO'S PIZZA,BROOKLYN,318,FLATBUSH AVENUE,11238.0,Pizza,11.0,A,2016-07-14
40542345,TOWNE DELI & PIZZA,STATEN ISLAND,5373,ARTHUR KILL ROAD,10307.0,Pizza,16.0,Z,2017-04-11
40543458,DOMINO'S,MANHATTAN,4797,BROADWAY,10034.0,Pizza,9.0,A,2016-12-29
40544427,LODUCA'S PIZZA,BROOKLYN,14,NEWKIRK PLAZA,11226.0,Pizza,12.0,A,2016-04-20
40544813,BENNY'S FAMOUS PIZZA,BROOKLYN,4514,13 AVENUE,11219.0,Pizza,0.0,A,2017-03-21
40544948,ALBA'S PIZZA,QUEENS,3620,DITMARS BOULEVARD,11105.0,Pizza,10.0,A,2017-01-25
40546082,DON PEPI PIZZA,MANHATTAN,000,PENN STATION,10001.0,Pizza,13.0,A,2017-03-06
40548730,RAY'S PIZZA RESTUARANT,BRONX,553,EAST  138 STREET,10454.0,Pizza,13.0,A,2017-04-10
40551093,GINO'S PIZZA,BROOKLYN,218,FLATBUSH AVENUE,11217.0,Pizza,11.0,A,2017-03-06
40552366,GIGI'S PIZZERIA,QUEENS,2009,FRANCIS LEWIS BOULEVARD,11357.0,Pizza,7.0,A,2016-05-09
40553657,LENNY'S PIZZA,BROOKLYN,594,5 AVENUE,11215.0,Pizza,11.0,A,2016-05-17
40561290,TOTONNO'S PIZZERIA,BROOKLYN,1524,NEPTUNE AVENUE,11224.0,Pizza,2.0,A,2016-03-10
40564701,DOMINO'S,MANHATTAN,943,1ST AVE,10022.0,Pizza,13.0,A,2016-09-27
40566489,PIZZA HUT,MANHATTAN,761,7 AVENUE,10019.0,Pizza,2.0,A,2016-09-30
40575863,FAMOUS JOE'S PIZZA,MANHATTAN,7,CARMINE STREET,10014.0,Pizza,11.0,A,2016-05-23
40576196,MARIELLA PIZZA,MANHATTAN,965,LEXINGTON AVENUE,10021.0,Pizza,3.0,A,2016-08-16
40576283,ROCKY'S PIZZA RESTAURANT,BROOKLYN,474,CONEY ISLAND AVE,11218.0,Pizza,10.0,A,2016-07-12
40576286,ANNA MARIA PIZZA PASTA,BROOKLYN,179,BEDFORD AVENUE,11211.0,Pizza,10.0,A,2016-11-10
40576978,MAMA CARMELA'S,QUEENS,4914,30 AVENUE,11377.0,Pizza,9.0,A,2016-03-22
40577023,FAMILY PIZZA,BROOKLYN,720,FLATBUSH AVENUE,11225.0,Pizza,11.0,A,2017-03-30
40577362,GINO'S PIZZA,BROOKLYN,831,FLATBUSH AVENUE,11226.0,Pizza,8.0,A,2016-08-04
40578773,JOHN'S PIZZA,MANHATTAN,260,WEST   44 STREET,10036.0,Pizza,13.0,A,2016-06-22
40580683,THE ORIGINAL PIZZA OF AVENUE L,BROOKLYN,9514,AVENUE L,11236.0,Pizza,5.0,A,2016-12-12
40588072,CIRO PIZZA,QUEENS,11319,BEACH CHANNEL DRIVE,11694.0,Pizza,7.0,A,2016-01-21
40588462,JOHN'S PIZZA,QUEENS,11115,LEFFERTS BOULEVARD,11420.0,Pizza,10.0,A,2017-03-13
40593844,THE ORIGINAL PIZZA OF 4TH AVE,BROOKLYN,6823,4 AVENUE,11220.0,Pizza,12.0,A,2016-08-17
40597409,STROMBOLI PIZZA,MANHATTAN,83,ST MARKS PLACE,10003.0,Pizza,10.0,A,2017-04-03
40598699,BIG ALS CHICAGO PIZZA,MANHATTAN,9,THAMES STREET,10006.0,Pizza,13.0,A,2016-03-24
40604769,FAMOUS FAMIGLIA,MANHATTAN,734,AMSTERDAM AVENUE,10025.0,Pizza,5.0,A,2017-03-23
40605511,DOMINO'S,MANHATTAN,409,WEST  125 STREET,10027.0,Pizza,9.0,A,2016-03-31
40614489,FRESH MEADOW'S PIZZA & RESTAURANT,QUEENS,19509,69 AVENUE,11365.0,Pizza,7.0,A,2017-04-04
40617679,CAPRI PIZZA RESTAURANT,BRONX,2401,WESTCHESTER AVENUE,10461.0,Pizza,12.0,A,2016-09-28
40622601,A-1 PIZZA SHOP,MANHATTAN,505,GRAND STREET,10002.0,Pizza,11.0,A,2016-10-17
40623708,PIZZA EXPRESS,BRONX,2125,WHITE PLAINS ROAD,10462.0,Pizza,10.0,A,2016-03-28
40634607,PIZZA ITALIA 1,BRONX,842,EAST  180 STREET,10460.0,Pizza,12.0,A,2017-04-03
40639672,ROMA PIZZA,BRONX,735,ALLERTON AVE,10467.0,Pizza,20.0,B,2017-03-21
40645559,BAYRIDGE PIZZA,BROOKLYN,7704,5 AVENUE,11209.0,Pizza,10.0,A,2017-04-11
40652017,PIZZA D'AMORE,BROOKLYN,8949,BAY PARKWAY,11214.0,Pizza,3.0,A,2016-03-22
40654457,THE ORIGINAL PIZZA IV,BROOKLYN,2911,AVENUE U,11229.0,Pizza,3.0,A,2017-02-16
40661232,BELMORA PIZZA & RESTAURANT,MANHATTAN,139,EAST   57 STREET,10022.0,Pizza,8.0,A,2017-02-16
40662141,J AND D PIZZA,QUEENS,9853,63 ROAD,11374.0,Pizza,10.0,A,2017-02-16
40669648,J & S PIZZA,QUEENS,24435,MERRICK BOULEVARD,11422.0,Pizza,11.0,A,2016-11-15
40673117,10TH AVENUE PIZZA & CAFE,MANHATTAN,256,10TH AVE BET 24 & 25 ST ),10001.0,Pizza,12.0,A,2016-03-21
40677193,BIG JONS PIZZA & RESTAURANT,QUEENS,21911,JAMAICA AVENUE,11428.0,Pizza,9.0,A,2017-03-20
40678310,BUREK'S PIZZA,QUEENS,6855,FOREST AVENUE,11385.0,Pizza,12.0,A,2016-10-25
40692120,NEW ROMA PIZZA,MANHATTAN,116,DELANCY STREET,10002.0,Pizza,13.0,A,2017-04-03
40694187,GARY AND GINO'S,BRONX,3700,JEROME AVENUE,10467.0,Pizza,13.0,A,2017-04-19
40702330,DA VINCI PIZZA,MANHATTAN,44,WATER STREET,10004.0,Pizza,13.0,A,2016-11-07
40704635,BEN'S PIZZA,MANHATTAN,123,MACDOUGAL ST,10012.0,Pizza,10.0,A,2016-01-22
40705733,HARBOR PIZZA,QUEENS,6460,DRY HARBOR ROAD,11379.0,Pizza,11.0,A,2017-03-21
40711820,DAGAN PIZZA,BROOKLYN,6187,STRICKLAND AVENUE,11234.0,Pizza,13.0,A,2016-09-28
40715785,PIZZA HUT,QUEENS,9608,QUEENS BOULEVARD,11374.0,Pizza,9.0,A,2016-11-23
40715788,PIZZA HUT,QUEENS,5102,NORTHERN BLVD,11377.0,Pizza,11.0,A,2016-05-24
40715796,PIZZA HUT,QUEENS,22003,HILLSIDE AVENUE,11427.0,Pizza,13.0,A,2017-03-02
40715826,PIZZA HUT,QUEENS,6051,MYRTLE AVE,11385.0,Pizza,7.0,A,2017-04-20
40716177,PIZZA HUT,QUEENS,25311,HILLSIDE AVENUE,11426.0,Pizza,9.0,A,2016-04-20
40716188,PIZZA HUT,QUEENS,14419,NORTHERN BOULEVARD,11354.0,Pizza,9.0,A,2016-03-21
40716193,PIZZA HUT,QUEENS,8920,ATLANTIC AVE,11416.0,Pizza,2.0,A,2017-02-23
40716271,ROSARIO'S PIZZA,MANHATTAN,173,ORCHARD STREET,10002.0,Pizza,7.0,A,2017-02-22
40716299,CHUCK E. CHEESE'S,STATEN ISLAND,1775,SOUTH AVENUE,10314.0,Pizza,9.0,A,2017-04-11
40721285,DOMINO'S,MANHATTAN,153,EAST  116 STREET,10029.0,Pizza,2.0,A,2017-03-24
40725375,MARKET PLACE PIZZA,BRONX,0,HUNTS POINT,10474.0,Pizza,10.0,A,2015-12-31
40730270,NOT JUST PIZZA,BROOKLYN,1286,FULTON STREET,11216.0,Pizza,11.0,A,2016-03-24
40731374,PIZZA DEN,BROOKLYN,8521,18 AVENUE,11214.0,Pizza,11.0,A,2016-09-22
40739378,TOM'S DELICIOUS PIZZA,MANHATTAN,3161,BROADWAY,10027.0,Pizza,7.0,A,2016-05-20
40741630,SUSIE'S PIES,BRONX,2308,GRAND CONCOURSE,10458.0,Pizza,5.0,A,2016-12-28
40742986,DOMINO'S,BROOKLYN,1208,NEPTUNE AVENUE,11224.0,Pizza,9.0,A,2017-04-13
40742988,DOMINO'S,BROOKLYN,1111,PENNSYLVANIA AVENUE,11207.0,Pizza,34.0,Z,2017-01-10
40742989,DOMINO'S,BROOKLYN,9105,4 AVENUE,11209.0,Pizza,23.0,B,2016-11-09
40742990,DOMINO'S,BRONX,738,MORRIS PARK AVENUE,10462.0,Pizza,18.0,B,2016-11-09
40742996,DOMINO'S,BROOKLYN,1758,PITKIN AVENUE,11212.0,Pizza,12.0,A,2016-12-05
40742997,DOMINO'S,BRONX,3611,KINGSBRIDGE AVENUE,10463.0,Pizza,12.0,A,2017-04-06
40742999,DOMINO'S,BROOKLYN,183,GRAHAM AVENUE,11206.0,Pizza,22.0,B,2016-09-26
40743000,DOMINO'S,BRONX,3706,EAST TREMONT AVENUE,10465.0,Pizza,13.0,A,2016-05-12
40743359,DOMINO'S,BRONX,2075,JEROME AVENUE,10453.0,Pizza,7.0,A,2016-04-27
40743368,DOMINO'S,QUEENS,12521,ROCKAWAY BOULEVARD,11420.0,Pizza,12.0,A,2016-12-15
40743370,DOMINO'S,BROOKLYN,7722,13 AVENUE,11228.0,Pizza,4.0,A,2016-05-25
40743374,DOMINO'S,QUEENS,18807,UNION TURNPIKE,11366.0,Pizza,13.0,A,2016-04-04
40743416,DOMINO'S,QUEENS,7802,JAMAICA AVENUE,11421.0,Pizza,3.0,A,2016-05-04
40743421,DOMINO'S,QUEENS,13131,MERRICK BOULEVARD,11434.0,Pizza,11.0,A,2016-09-19
40743432,DOMINO'S,QUEENS,13857,QUEENS BOULEVARD,11435.0,Pizza,3.0,A,2017-02-06
40744492,PRONTO PIZZA,BROOKLYN,2928,AVENUE R,11229.0,Pizza,13.0,A,2016-06-06
40745618,MIKE'S PIZZA,BROOKLYN,905,MYRTLE AVENUE,11206.0,Pizza,12.0,A,2017-01-19
40745681,JUNIOR'S CAFE,QUEENS,4618,VERNON BOULEVARD,11101.0,Pizza,23.0,B,2016-11-23
40746890,DOMINO'S,BROOKLYN,1972,FLATBUSH AVENUE,11234.0,Pizza,13.0,A,2016-08-18
40746892,DOMINO'S,BROOKLYN,146,SMITH STREET,11201.0,Pizza,3.0,A,2017-03-16
40746893,DOMINO'S,BROOKLYN,1555,NOSTRAND AVENUE,11226.0,Pizza,13.0,A,2017-01-30
40747050,SAMARIA PIZZA,QUEENS,2107,BROADWAY,11106.0,Pizza,10.0,A,2017-03-13
40751449,LITTLE ITALY PIZZA,MANHATTAN,521,5 AVENUE,10175.0,Pizza,12.0,A,2017-01-10
40752011,CAFE AMORE'S RESTAURANT,MANHATTAN,14751,CHAMBERS STREET,10013.0,Pizza,7.0,A,2017-02-22
40754486,ELEGANTE PIZZA,BROOKLYN,6922,5 AVENUE,11209.0,Pizza,13.0,A,2016-09-13
40754765,MORRIS PARK PIZZA,BRONX,656,MORRIS PARK AVENUE,10462.0,Pizza,9.0,A,2017-02-18
40755548,CIRCLE PIZZERIA,BRONX,112,HUGH GRANT CIRCLE,10472.0,Pizza,10.0,A,2016-05-23
40759928,NINO'S PIZZA,BROOKLYN,9110,3 AVENUE,11209.0,Pizza,11.0,A,2016-11-09
40759930,BELLA NAPOLI,BRONX,524,EAST  240 STREET,10470.0,Pizza,11.0,A,2016-03-16
40760487,ROMA PIZZA,MANHATTAN,1568,3 AVENUE,10128.0,Pizza,15.0,B,2017-01-25
40764527,PIZZA PALACE,QUEENS,2929,DITMARS BOULEVARD,11105.0,Pizza,10.0,A,2016-11-29
40782328,CHARLES PIZZERIA,BROOKLYN,4910,5 AVENUE,11220.0,Pizza,10.0,A,2017-04-06
40783967,THE PIZZA PUB / AMPERSAND,MANHATTAN,294,3 AVENUE,10010.0,Pizza,27.0,Z,2016-07-27
40791157,LA PIAZZA PIZZERIA & RESTAURANT,STATEN ISLAND,1445,RICHMOND AVENUE,10314.0,Pizza,13.0,A,2016-08-25
40794835,PIZZA PORT,QUEENS,13515,LEFFERTS BOULEVARD,11420.0,Pizza,10.0,A,2017-01-26
40796892,MUZZARELLA PIZZA,MANHATTAN,221,AVENUE A,10009.0,Pizza,18.0,Z,2016-09-14
40800072,SUTTON PIZZA & GYRO,MANHATTAN,1140,1 AVENUE,10065.0,Pizza,8.0,A,2016-05-03
40805500,DOMINO'S,BROOKLYN,554,5 AVENUE,11215.0,Pizza,5.0,A,2016-11-19
40814430,BAD BOYS PIZZA,BROOKLYN,2313,86 STREET,11214.0,Pizza,9.0,A,2016-12-05
40820021,THE AURORA PIZZA CAFFE,BROOKLYN,7624,17 AVENUE,11214.0,Pizza,8.0,A,2016-04-12
40820348,DOMINO'S,BROOKLYN,3901,4 AVENUE,11232.0,Pizza,4.0,A,2016-03-24
40821884,GINO'S PIZZA,QUEENS,6501,KISSENA BOULEVARD,11367.0,Pizza,12.0,A,2016-11-16
40826271,FRONT STREET PIZZA,BROOKLYN,80,FRONT STREET,11201.0,Pizza,12.0,A,2016-12-21
40837605,BRICK OVEN PIZZA 33,MANHATTAN,201,EAST   33 STREET,10016.0,Pizza,10.0,A,2016-10-20
40840790,ORIGINAL PIZZA,BROOKLYN,2351,RALPH AVENUE,11234.0,Pizza,12.0,A,2016-08-08
40849624,DOMINO'S,BRONX,2463,WEBSTER AVENUE,10458.0,Pizza,11.0,A,2016-03-31
40849849,FAMOUS BEN'S PIZZA OF SOHO,MANHATTAN,177,SPRING STREET,10012.0,Pizza,9.0,A,2016-11-21
40856208,ROCCO PIZZA,BROOKLYN,765,DEKALB AVENUE,11216.0,Pizza,11.0,A,2016-06-23
40860410,LA BELLA PIZZA,STATEN ISLAND,1499,FOREST AVENUE,10302.0,Pizza,8.0,A,2016-07-27
40861103,MARIO'S PIZZA,QUEENS,24410,FRANCIS LEWIS BOULEVARD,11422.0,Pizza,13.0,A,2017-01-03
40865180,PIZZA HUT,MANHATTAN,2,PENN PLAZA,10121.0,Pizza,5.0,A,2017-02-10
40865775,FRATELLI PIZZA,QUEENS,4036,162 STREET,11358.0,Pizza,8.0,A,2016-03-15
40865879,EURO PIZZA,STATEN ISLAND,3271,RICHMOND AVENUE,10312.0,Pizza,10.0,A,2016-05-13
40866297,DOMINO'S,BROOKLYN,1772,RALPH AVENUE,11236.0,Pizza,12.0,A,2016-07-20
40866304,DOMINO'S,QUEENS,2555,STEINWAY STREET,11103.0,Pizza,5.0,A,2017-03-02
40866315,DOMINO'S,BRONX,2025,WESTCHESTER AVENUE,10462.0,Pizza,7.0,A,2016-04-10
40866322,DOMINO'S,BRONX,41,EAST  167 STREET,10452.0,Pizza,12.0,A,2017-03-20
40866340,DOMINO'S,BRONX,1351,WEBSTER AVENUE,10456.0,Pizza,3.0,A,2017-03-06
40867120,GINA'S PIZZA,QUEENS,6024,QUEENS BOULEVARD,11377.0,Pizza,8.0,A,2017-04-05
40867812,RUBENS PIZZERIA-EL POLLO PERUVIAN CUISINE,BROOKLYN,1533,70 STREET,11228.0,Pizza,22.0,B,2017-01-21
40871979,WILBEL PIZZA,BRONX,605,SOUTHERN BOULEVARD,10455.0,Pizza,11.0,A,2016-11-10
40873798,ALBA PIZZA,QUEENS,13765,QUEENS BOULEVARD,11435.0,Pizza,13.0,A,2016-08-31
40877741,J 'S PIZZA,MANHATTAN,98,7 AVENUE,10011.0,Pizza,13.0,A,2016-07-25
40878675,TACO BELL PIZZA HUT EXPRESS,MANHATTAN,173,EAST  116 STREET,10029.0,Pizza,2.0,A,2016-09-26
40879347,DOMINO'S,QUEENS,14907,NORTHERN BOULEVARD,11354.0,Pizza,10.0,A,2016-03-23
40882825,VERONA PIZZA,BROOKLYN,6113,20 AVENUE,11204.0,Pizza,12.0,A,2016-06-04
40884718,DOMINO'S,BROOKLYN,1479,FULTON STREET,11216.0,Pizza,13.0,A,2016-09-24
40886422,THE BEST ITALIAN PIZZA,BRONX,412,EAST  149 STREET,10455.0,Pizza,17.0,B,2016-09-29
40892913,JOJO'S PIZZA,BROOKLYN,9502,CHURCH AVENUE,11212.0,Pizza,9.0,A,2016-11-18
40893866,DOMINO'S,MANHATTAN,227,WEST   40 STREET,10018.0,Pizza,2.0,A,2016-10-25
40902084,VICTORIA'S PIZZERIA,QUEENS,11117,ROOSEVELT AVENUE,11368.0,Pizza,14.0,B,2016-08-24
40903960,BELLEROSE FAMOUS PIZZA,QUEENS,24822,UNION TURNPIKE,11426.0,Pizza,10.0,A,2016-10-25
40905382,IL GUSTO,QUEENS,6298,FOREST AVENUE,11385.0,Pizza,5.0,A,2016-08-18
40911185,PAESANO'S PIZZA,STATEN ISLAND,12,BRADLEY AVENUE,10314.0,Pizza,12.0,A,2016-10-18
40918262,FRIEND'S PIZZA CAFE,BROOKLYN,487,7 AVENUE,11215.0,Pizza,18.0,B,2017-01-26
40918997,FAMOUS RAY'S PIZZA,MANHATTAN,736,7 AVENUE,10019.0,Pizza,10.0,A,2016-10-20
40922528,DOMINO'S,MANHATTAN,1396,1 AVENUE,10021.0,Pizza,2.0,A,2016-04-26
40923012,DOMINO'S,MANHATTAN,200,EAST   89 STREET,10128.0,Pizza,11.0,A,2016-03-09
40929201,CLASSIC PIZZA & RESTAURANT,STATEN ISLAND,3201B,RICHMOND ROAD,10306.0,Pizza,2.0,A,2016-03-15
40930067,A SLICE OF NEW YORK,MANHATTAN,727,8 AVENUE,10036.0,Pizza,7.0,Z,2016-10-31
40931569,JOE'S PIZZA,BRONX,703,EAST  233 STREET,10466.0,Pizza,5.0,A,2016-08-02
40933080,LUIGI'S PIZZA,QUEENS,10402,ATLANTIC AVENUE,11416.0,Pizza,5.0,A,2016-12-20
40933602,PIZZA PETE'S,MANHATTAN,528,COLUMBUS AVENUE,10024.0,Pizza,27.0,Z,2017-04-10
40937072,FAMOUS FAMIGLIA PIZZERIA,MANHATTAN,686,8 AVENUE,10036.0,Pizza,7.0,A,2016-04-29
40938813,PIE,MANHATTAN,124,4 AVENUE,10003.0,Pizza,2.0,A,2017-01-27
40940996,DOMINO'S,QUEENS,9045,CORONA AVENUE,11373.0,Pizza,10.0,A,2016-08-31
40941002,DOMINO'S,QUEENS,10502,MERRICK BOULEVARD,11433.0,Pizza,13.0,A,2016-11-15
40941619,DOMINO'S,QUEENS,3215,JUNCTION BOULEVARD,11369.0,Pizza,12.0,A,2016-05-24
40943082,CHUCK E. CHEESE'S,BRONX,1816,EAST GUNHILL ROAD,10469.0,Pizza,5.0,A,2017-01-12
40945123,FRANK'S PIZZA,BRONX,4106,EAST TREMONT AVENUE,10465.0,Pizza,7.0,A,2016-08-09
40945328,TONY'S PIZZA SPOT,BROOKLYN,431,DEKALB AVENUE,11205.0,Pizza,5.0,A,2017-02-16
40949604,CHEESY PIZZA,MANHATTAN,2640,BROADWAY,10025.0,Pizza,12.0,A,2016-09-06
40949724,DOMINO'S,QUEENS,524,BEACH   20 STREET,11691.0,Pizza,10.0,A,2016-08-03
40962981,MARIO'S PIZZA,BROOKLYN,1381,65 STREET,11219.0,Pizza,3.0,A,2016-09-19
40973604,THE PIZZA PLACE,BRONX,4024,WHITE PLAINS ROAD,10466.0,Pizza,13.0,A,2016-04-27
40978358,PAUL MICHAEL'S BRICK OVEN CAFE,QUEENS,8519,126 STREET,11415.0,Pizza,12.0,A,2017-01-20
40980377,LITTLE TONINO'S PIZZA & CAFE,BROOKLYN,424,GREENWOOD AVE,11218.0,Pizza,10.0,A,2016-03-31
40986347,VESUVIOS PIZZA,BROOKLYN,1800,KINGS HIGHWAY,11229.0,Pizza,9.0,A,2016-04-18
40988969,LORETTA'S PIZZA,BRONX,3276,LAYTON AVENUE,10465.0,Pizza,12.0,A,2016-11-01
40993361,KNAPP PIZZA III,BROOKLYN,427,KINGS HIGHWAY,11223.0,Pizza,11.0,A,2016-05-09
40996005,N & D PIZZA,BROOKLYN,2823,AVENUE U,11229.0,Pizza,7.0,A,2016-12-08
40999052,ALLIGATOR LOUNGE,BROOKLYN,600,METROPOLITAN AVENUE,11211.0,Pizza,5.0,A,2016-05-19
41000961,BLEEKER STREET PIZZA,MANHATTAN,69,7 AVENUE SOUTH,10014.0,Pizza,13.0,A,2016-07-01
41001127,KORONET PIZZA,MANHATTAN,2848,BROADWAY,10025.0,Pizza,2.0,A,2017-03-01
41006323,PAPA JOHN'S,QUEENS,16202,UNION TURNPIKE,11366.0,Pizza,12.0,A,2016-08-31
41009267,UNDERGROUND PIZZA,MANHATTAN,2,WILLIAM STREET,10004.0,Pizza,10.0,A,2016-08-10
41009780,BELLEROSE FAMOUS PIZZA,QUEENS,7909,MAIN STREET,11367.0,Pizza,10.0,A,2016-07-27
41014581,LANDY PIZZERIA RESTAURANT,BROOKLYN,9050,FT HAMILTON PARKWAY,11209.0,Pizza,5.0,A,2016-10-11
41014851,CATERINA PIZZA,BROOKLYN,3035,FULTON STREET,11208.0,Pizza,12.0,A,2016-05-09
41015170,CARMINE'S PIZZA,BROOKLYN,358,GRAHAM AVENUE,11211.0,Pizza,10.0,A,2016-10-05
41017916,AIRWAYS PIZZA & GYRO RESTAURANT,QUEENS,9013,ASTORIA BOULEVARD,11369.0,Pizza,8.0,A,2016-11-10
41020284,LITTLE ITALY PIZZA,MANHATTAN,55,WEST   45 STREET,10036.0,Pizza,8.0,A,2017-01-19
41021272,FIORE'S PIZZA,MANHATTAN,165,BLEECKER STREET,10012.0,Pizza,10.0,A,2016-11-16
41021287,VENICE PIZZA,QUEENS,4194,BOWNE STREET,11355.0,Pizza,9.0,A,2016-04-18
41024190,CROCODILE LOUNGE,MANHATTAN,325,EAST   14 STREET,10003.0,Pizza,11.0,A,2016-12-05
41028321,D'ANGELO'S PIZZA,BRONX,902,EAST GUN HILL ROAD,10469.0,Pizza,12.0,A,2016-06-13
41029870,D'ALEO'S PIZZERIA,QUEENS,9010,JAMAICA AVENUE,11421.0,Pizza,8.0,A,2016-09-14
41030858,LA MIA PIZZA,MANHATTAN,1488,1 AVENUE,10075.0,Pizza,12.0,A,2016-12-07
41037278,FIGAROLA PIZZERIA,MANHATTAN,1284,1 AVENUE,10065.0,Pizza,12.0,A,2016-12-12
41038600,LIBERTY PIZZA,BROOKLYN,482,MYRTLE AVENUE,11205.0,Pizza,12.0,A,2016-05-11
41046279,CHUCK E. CHEESE'S,BROOKLYN,139,FLATBUSH AVENUE,11217.0,Pizza,13.0,A,2016-09-27
41050494,DOMINO'S,QUEENS,815,ONDERDONK AVENUE,11385.0,Pizza,11.0,A,2017-02-06
41052939,BROTHERS PIZZA RESTAURANT,BROOKLYN,647,4 AVENUE,11232.0,Pizza,12.0,A,2016-12-08
41054366,JOE'S PIZZA,BROOKLYN,483,5 AVENUE,11215.0,Pizza,7.0,A,2016-08-04
41061112,T & R PIZZA,MANHATTAN,411,AMSTERDAM AVENUE,10024.0,Pizza,27.0,B,2017-01-12
41067996,DINO'S PIZZA,BRONX,5660,MOSHOLU AVENUE,10471.0,Pizza,18.0,B,2016-06-16
41069969,ANGELO'S PIZZA,QUEENS,3903,103 STREET,11368.0,Pizza,2.0,A,2016-09-01
41072750,CUCINA BENE PIZZERIA,MANHATTAN,41,EXCHANGE PLACE,10005.0,Pizza,12.0,A,2016-11-09
41072888,ROSELLA'S PIZZERIA,MANHATTAN,164,WILLIAM STREET,10038.0,Pizza,8.0,A,2016-09-30
41074629,DOMINO'S,BRONX,921,EAST TREMONT AVENUE,10460.0,Pizza,12.0,A,2016-08-04
41075312,STEVE'S PIZZA PLACE,QUEENS,8218,ELIOT AVENUE,11379.0,Pizza,13.0,A,2016-04-06
41078099,ORIGINAL RAY'S PIZZA,MANHATTAN,811,LEXINGTON AVENUE,10065.0,Pizza,12.0,A,2016-03-31
41082395,FAMOUS FAMIGLIA PIZZERIA,MANHATTAN,757,BROADWAY,10003.0,Pizza,5.0,A,2016-09-19
41083637,ITALIA PIZZA,BROOKLYN,307,KINGS HIGHWAY,11223.0,Pizza,10.0,A,2016-09-29
41101595,ANGELO'S PIZZA,MANHATTAN,1697,BROADWAY,10019.0,Pizza,12.0,A,2017-01-03
41109381,DOMINO'S,MANHATTAN,2554,ADAM CLAYTON POWELL JR BOULEVARD,10039.0,Pizza,2.0,A,2016-11-07
41109543,WALDY'S WOOD FIRED PIZZA & PENNE,MANHATTAN,800,6 AVENUE,10001.0,Pizza,7.0,A,2016-04-26
41110540,PIZZA CENTRAL OF BROOKLYN,BROOKLYN,941,MCDONALD AVENUE,11218.0,Pizza,13.0,A,2016-09-20
41112470,VILLA MIA PIZZA,BROOKLYN,526,3 AVENUE,11215.0,Pizza,4.0,A,2016-08-29
41113339,FAMOUS ORIGINAL RAY'S PIZZA,MANHATTAN,204,9 AVENUE,10011.0,Pizza,10.0,A,2017-03-03
41113515,FORTUNATA'S II,BROOKLYN,305,KNICKERBOCKER AVENUE,11237.0,Pizza,12.0,A,2016-12-13
41123837,DOMINO'S,QUEENS,9528,QUEENS BOULEVARD,11374.0,Pizza,10.0,A,2016-08-01
41130591,DAVID PIZZERIA,BROOKLYN,6305,FORT HAMILTON PARKWAY,11219.0,Pizza,9.0,A,2017-04-03
41130849,PATZERIA'S PERFECT PIZZA,MANHATTAN,231,WEST   46 STREET,10036.0,Pizza,24.0,B,2016-08-10
41132242,DOMINO'S,BRONX,686,NEREID AVENUE,10470.0,Pizza,2.0,A,2016-05-04
41143170,VINNY'S PIZZA,QUEENS,9701,57 AVENUE,11368.0,Pizza,10.0,A,2016-09-13
41145521,PIZZA BELLA,QUEENS,8130,BROADWAY,11373.0,Pizza,5.0,A,2016-05-23
41146469,ANI PIZZA,QUEENS,4318,25 AVENUE,11103.0,Pizza,17.0,B,2016-09-21
41148569,PAPA JOHN'S,QUEENS,4304,NATIONAL STREET,11368.0,Pizza,5.0,A,2016-10-17
41148780,DOMINO'S,BROOKLYN,3514,NOSTRAND AVENUE,11229.0,Pizza,2.0,A,2016-09-21
41154306,LITTLE ITALY M & O PIZZA RESTAURANT,BROOKLYN,876,BROADWAY,11206.0,Pizza,7.0,A,2017-03-10
41157609,TONY'S PIZZA PASTA & GYRO,MANHATTAN,4771,BROADWAY,10034.0,Pizza,12.0,A,2016-03-10
41157758,DOMINO'S,BROOKLYN,2196,PITKIN AVENUE,11207.0,Pizza,7.0,A,2016-07-21
41157759,DOMINO'S,BROOKLYN,835,CLARKSON AVENUE,11203.0,Pizza,7.0,A,2017-04-13
41158525,SIDE BY SIDE PIZZA & BUREK,BRONX,769,ASTOR AVENUE,10467.0,Pizza,12.0,A,2016-06-09
41158746,BROTHERS PIZZA,QUEENS,3050,14 STREET,11102.0,Pizza,10.0,A,2016-10-28
41158998,NEW YANKEE SK PIZZA,BRONX,1616,WESTCHESTER AVENUE,10472.0,Pizza,14.0,B,2016-09-26
41160209,PAPA JOHN'S,BROOKLYN,1016,CONEY ISLAND AVE,11230.0,Pizza,2.0,A,2016-10-12
41163361,ANGIE'S CAFE PIZZA,BRONX,2559,3 AVENUE,10451.0,Pizza,11.0,A,2016-12-19
41164361,BEST ITALIAN PIZZA,BRONX,200-202,EAST FORDHAM ROAD,10458.0,Pizza,9.0,A,2016-08-16
41164840,LA TRAVIATA PIZZA,MANHATTAN,101,WEST   68 STREET,10023.0,Pizza,3.0,A,2016-05-05
41165623,PIZZA MERCATO,MANHATTAN,11,WAVERLY PLACE,10003.0,Pizza,12.0,A,2016-12-05
41166331,PAPA JOHN'S,BROOKLYN,1111,FULTON STREET,11238.0,Pizza,12.0,A,2016-11-02
41168300,ORIGINAL NAPOLI'S PIZZA,BROOKLYN,594,CRESCENT STREET,11208.0,Pizza,20.0,Z,2017-04-12
41169360,DOMINO'S,BROOKLYN,241,ROCKAWAY PARKWAY,11212.0,Pizza,2.0,A,2016-06-02
41169949,DOMINO'S,MANHATTAN,592,COLUMBUS AVENUE,10024.0,Pizza,2.0,A,2016-03-31
41174904,TONY'S PIZZERIA,STATEN ISLAND,1307,ARTHUR KILL ROAD,10312.0,Pizza,39.0,C,2016-10-12
41175577,MARIO'S PIZZERIA,BROOKLYN,222,HOYT STREET,11217.0,Pizza,13.0,A,2016-10-12
41177037,QUEEN'S PIZZA,QUEENS,11614,QUEENS BOULEVARD,11375.0,Pizza,12.0,A,2016-12-23
41177892,LAKE COMO PIZZA,MANHATTAN,2549,AMSTERDAM AVENUE,10033.0,Pizza,12.0,A,2016-09-13
41179165,BROOK AVENUE DELI & PIZZA,BRONX,348,BROOK AVENUE,10454.0,Pizza,10.0,A,2016-11-10
41183271,TASTE OF ARTICHOKE,QUEENS,0,LAGUARDIA AIRPORT,11369.0,Pizza,2.0,A,2017-03-01
41185928,CALIFORNIA PIZZA KITCHEN,QUEENS,8000,COOPER AVENUE,11385.0,Pizza,7.0,A,2016-07-13
41186822,THOMAS PIZZA,QUEENS,8308,37 AVENUE,11372.0,Pizza,12.0,A,2017-02-16
41187642,PRIMAVERA PIZZERIA,BRONX,761,MORRIS PARK AVENUE,10462.0,Pizza,13.0,A,2017-01-11
41189848,SAMS FAMOUS PIZZA,MANHATTAN,150,EAST  116 STREET,10029.0,Pizza,9.0,A,2017-01-06
41191334,EAST VILLAGE PIZZA AND KEBAB,MANHATTAN,145,1 AVENUE,10003.0,Pizza,10.0,A,2016-11-25
41195945,PAPA JOHN'S,MANHATTAN,701,WEST  179 STREET,10033.0,Pizza,5.0,A,2016-04-13
41196158,ELEVEN B,MANHATTAN,174,AVENUE B,10009.0,Pizza,9.0,A,2016-11-21
41196869,LAYLA JONES,BROOKLYN,214,COURT STREET,11201.0,Pizza,7.0,A,2016-05-24
41200846,LUCALI,BROOKLYN,575,HENRY STREET,11231.0,Pizza,10.0,A,2016-06-09
41201205,FAMOUS AMADEUS PIZZA,MANHATTAN,408,8 AVENUE,10001.0,Pizza,11.0,A,2016-03-04
41204340,TINY'S PIZZA & PASTA,BRONX,1113,GRANT AVENUE,10456.0,Pizza,10.0,A,2016-04-11
41206905,PAPA JOHN'S,BROOKLYN,9058,FORT HAMILTON PARKWAY,11209.0,Pizza,5.0,A,2016-10-11
41209994,ALL STAR PIZZA,STATEN ISLAND,694,ARTHUR KILL ROAD,10308.0,Pizza,27.0,B,2017-03-23
41213177,LUNA PIZZA,BROOKLYN,1115,KINGS HIGHWAY,11229.0,Pizza,9.0,A,2016-07-28
41215408,MARTINIELLO'S IV PIZZERIA,QUEENS,2249,COLLEGE POINT BOULEVARD,11356.0,Pizza,3.0,A,2017-01-30
41222682,NY PIZZA CAFE & SPANISH FOOD RESTAURANT,BROOKLYN,1485,MYRTLE AVENUE,11237.0,Pizza,12.0,A,2017-02-23
41228009,PAPA JOHN'S,QUEENS,4919,30 AVENUE,11377.0,Pizza,12.0,A,2016-08-03
41231342,ANTHONY & JOE'S PIZZA,BRONX,1941,SOUTHERN BOULEVARD,10460.0,Pizza,7.0,A,2017-01-05
41232102,CHUCK E. CHEESE'S,MANHATTAN,280,ST NICHOLAS AVENUE,10027.0,Pizza,6.0,A,2017-04-03
41232292,PIZZA CHEF,BRONX,564,WEST  235 STREET,10463.0,Pizza,10.0,A,2017-02-22
41235437,SOLO PIZZA,MANHATTAN,27,AVENUE B,10009.0,Pizza,11.0,A,2016-08-03
41236336,PIZZA & PITA,MANHATTAN,344,EAST   34 STREET,10016.0,Pizza,12.0,A,2016-05-09
41236893,NEPTUNE PIZZA,BROOKLYN,3033,CONEY ISLAND AVENUE,11235.0,Pizza,13.0,A,2016-07-11
41237535,PAPA JOHN'S,BROOKLYN,1701,RALPH AVENUE,11236.0,Pizza,9.0,A,2016-12-19
41238165,PIZZA CLASSICA,QUEENS,8989,UNION TURNPIKE,11385.0,Pizza,22.0,B,2017-02-14
41241252,WORLD PIE,BROOKLYN,404,COURT STREET,11231.0,Pizza,7.0,A,2017-01-21
41242701,MICHAEL & SONS ITALIAN FOOD & PIZZA,QUEENS,19213,47 AVENUE,11358.0,Pizza,12.0,A,2016-10-03
41242907,CROSS BRONX PIZZERIA,BRONX,1105,CASTLE HILL AVE,10472.0,Pizza,10.0,A,2016-09-26
41244057,BROADWAY PIZZA,BROOKLYN,1142,BROADWAY,11221.0,Pizza,10.0,A,2016-12-22
41245491,GOTHAM PIZZA,MANHATTAN,1443,YORK AVENUE,10075.0,Pizza,12.0,A,2017-03-02
41245794,EVILOLIVE PIZZA BAR,BROOKLYN,198,UNION AVENUE,11211.0,Pizza,10.0,A,2017-02-06
41246322,LA BELLA MARIELLA,QUEENS,6061,FRESH POND ROAD,11378.0,Pizza,5.0,A,2016-03-08
41246487,KINGSTON PIZZA,BROOKLYN,259,KINGSTON AVENUE,11213.0,Pizza,12.0,A,2017-01-31
41246521,ORIGINAL MIKE'S PIZZA,BROOKLYN,3337,FULTON STREET,11208.0,Pizza,13.0,A,2017-03-01
41247143,Luigi's Pizza,BROOKLYN,4704,5 AVENUE,11220.0,Pizza,2.0,A,2016-11-17
41247493,MY PLACE FAMILY PIZZA,BRONX,240,EAST  198 STREET,10458.0,Pizza,9.0,A,2016-05-27
41251791,LUNA PIZZA,MANHATTAN,225,PARK ROW,10038.0,Pizza,4.0,A,2016-09-30
41257223,ABITINO'S PIZZA,QUEENS,0,JFK AIRPORT,11430.0,Pizza,2.0,A,2017-01-20
41257259,L'AMICI,QUEENS,16053,ROCKAWAY BOULEVARD,11434.0,Pizza,22.0,B,2016-08-26
41257727,PAPA JOHN'S,STATEN ISLAND,1267,FOREST AVENUE,10302.0,Pizza,4.0,A,2017-01-09
41257734,PAPA JOHN'S,QUEENS,16525,LIBERTY AVENUE,11433.0,Pizza,0.0,Z,2017-04-06
41258823,LITTLE CAESARS,BRONX,1888,WESTCHESTER AVENUE,10472.0,Pizza,9.0,A,2016-03-24
41261199,PIZZA EMPORIUM,BROOKLYN,3424,AVENUE S,11234.0,Pizza,9.0,A,2016-04-06
41271801,PINO'S,BROOKLYN,5201,5 AVENUE,11220.0,Pizza,10.0,A,2016-11-05
41272807,PAPA JOHN'S,BROOKLYN,215,WINTHROP STREET,11225.0,Pizza,7.0,A,2017-03-01
41273072,ACE PIZZA,QUEENS,6104,MYRTLE AVENUE,11385.0,Pizza,9.0,A,2017-03-03
41274186,DIEGO'S PIZZA & RESTAURANT,BRONX,1995,JEROME AVENUE,10453.0,Pizza,9.0,A,2016-03-21
41276122,KING PIZZA,BROOKLYN,1427,FULTON STREET,11216.0,Pizza,12.0,A,2017-02-13
41276395,SAM'S PIZZA,BRONX,232,WEST  231 STREET,10463.0,Pizza,11.0,A,2017-02-08
41276498,DOMENICO'S PIZZERIA,STATEN ISLAND,3295,AMBOY ROAD,10306.0,Pizza,9.0,A,2016-06-16
41277832,PAPA JOHN'S,MANHATTAN,4927,BROADWAY,10034.0,Pizza,9.0,A,2016-08-04
41278894,SINGAS FAMOUS PIZZA,QUEENS,4369,KISSENA BOULEVARD,11355.0,Pizza,12.0,A,2016-03-28
41283963,PAPA JOHN'S,BROOKLYN,5804,5 AVENUE,11220.0,Pizza,6.0,A,2016-10-25
41286915,PIZZA HUT,BRONX,2829,EDSON AVENUE,10469.0,Pizza,10.0,A,2016-03-24
41288962,WEST 190 STREET PIZZA,MANHATTAN,1611,ST NICHOLAS AVENUE,10040.0,Pizza,11.0,A,2016-03-14
41291067,"PAPA JOHN'S, SUBWAY",MANHATTAN,594,AMSTERDAM AVENUE,10024.0,Pizza,20.0,B,2016-11-28
41291308,VILLA MARIA PIZZERIA,BRONX,2440,EASTCHESTER ROAD,10469.0,Pizza,11.0,A,2016-05-12
41292258,ABITINO'S PIZZA,MANHATTAN,936,2 AVENUE,10022.0,Pizza,10.0,A,2017-02-08
41293480,CORONA PIZZA,QUEENS,5123,108 STREET,11368.0,Pizza,2.0,A,2016-12-13
41294731,VILLA GARDEN FAMOUS PIZZA,QUEENS,11919,ATLANTIC AVENUE,11418.0,Pizza,9.0,A,2016-03-28
41295972,PAPA JOHN'S,BROOKLYN,529,STANLEY AVENUE,11207.0,Pizza,23.0,B,2017-01-04
41301737,ARMANDO'S PIZZA,BROOKLYN,1413,ROCKAWAY PARKWAY,11236.0,Pizza,12.0,A,2016-09-26
41303793,LITTLE CAESARS,BRONX,623,EAST TREMONT AVENUE,10457.0,Pizza,5.0,A,2016-04-25
41306529,JOHN'S PIZZA AND RESTAURANT,STATEN ISLAND,126,LINCOLN AVENUE,10306.0,Pizza,12.0,A,2016-06-20
41307383,ROBERTA'S,BROOKLYN,43,BOGART STREET,11206.0,Pizza,9.0,A,2016-03-21
41308105,EMILIO'S PIZZA,BRONX,80,WEST KINGSRIDGE ROAD,10468.0,Pizza,10.0,A,2016-08-11
41308940,EMPIRE PIZZA,MANHATTAN,314,5 AVENUE,10001.0,Pizza,13.0,A,2016-11-25
41309636,LONA PIZZA,BRONX,373,EAST  204 STREET,10467.0,Pizza,11.0,A,2017-04-18
41309940,ARTICHOKE PIZZA & BREWERY,MANHATTAN,328,EAST 14 STREET,10003.0,Pizza,7.0,A,2016-03-25
41310724,FAMIGLIA OF CHELSEA PIERS,MANHATTAN,0,CHELSEA PIERS/PIER 61,10011.0,Pizza,15.0,B,2016-08-26
41314872,GIOVANNI'S,BRONX,76,EAST  167 STREET,10452.0,Pizza,19.0,B,2016-10-04
41319405,CAFFE RUSTICO,QUEENS,726,149 STREET,11357.0,Pizza,13.0,A,2016-11-07
41320199,TOBY'S PUBLIC HOUSE,BROOKLYN,686,6 AVENUE,11215.0,Pizza,8.0,A,2016-12-09
41320212,ANTHONY'S PIZZA,BRONX,686,MORRIS PARK AVE,10462.0,Pizza,10.0,A,2016-10-05
41320240,THREE BROTHER'S PIZZERIA,QUEENS,10901,GUY R BREWER BOULEVARD,11433.0,Pizza,9.0,A,2016-06-13
41325258,CIAO BELLA NAPOLI,MANHATTAN,257,7 AVENUE,10001.0,Pizza,12.0,A,2016-12-12
41332244,CICCIO'S PIZZA,BROOKLYN,207,AVENUE U,11223.0,Pizza,8.0,A,2016-04-21
41332875,NEW MILLENIUM PIZZA II,BRONX,2491,JEROME AVENUE,10468.0,Pizza,10.0,A,2016-04-26
41334807,2 BROS PIZZA,MANHATTAN,32,ST MARKS PLACE,10003.0,Pizza,9.0,A,2016-11-01
41337481,PAPA MIKES BRICK OVEN PIZZA,BROOKLYN,7416,20 AVENUE,11204.0,Pizza,12.0,A,2016-09-21
41337492,ROSA'S PIZZA,QUEENS,6265,FRESH POND ROAD,11385.0,Pizza,12.0,A,2017-04-06
41337793,LUIGI PIZZA,MANHATTAN,304,8 AVENUE,10001.0,Pizza,7.0,A,2017-02-13
41341359,FRANKLIN PIZZA,BROOKLYN,109,FRANKLIN STREET,11222.0,Pizza,10.0,A,2016-08-30
41341959,JERRY'S PIZZA,BRONX,3430,BOSTON POST ROAD,10469.0,Pizza,2.0,A,2016-08-31
41343142,V.I. PIZZA,QUEENS,4302,BELL BOULEVARD,11361.0,Pizza,10.0,A,2016-11-03
41346158,CASA NINO,STATEN ISLAND,1757,ARTHUR KILL ROAD,10312.0,Pizza,10.0,A,2016-05-26
41348060,RUSS PIZZA,BROOKLYN,745,MANHATTAN AVENUE,11222.0,Pizza,12.0,A,2016-12-15
41349101,JOE'S PIZZA,BROOKLYN,259,PROSPECT PARK WEST,11215.0,Pizza,13.0,A,2017-01-17
41349544,JERRY'S PIZZA,BRONX,2094,STARLING AVENUE,10462.0,Pizza,9.0,A,2017-01-18
41350310,MAMMA'S FAMOUS PIZZA & BURGERS,MANHATTAN,2345,BROADWAY,10024.0,Pizza,9.0,A,2016-12-22
41351576,LEAN CRUST/ Silver Spoon,BROOKLYN,737,FULTON STREET,11217.0,Pizza,33.0,C,2016-12-06
41353218,CASSIANO'S PIZZA,MANHATTAN,930,3 AVENUE,10022.0,Pizza,11.0,A,2017-02-23
41353384,STEINWAY PIZZA RESTAURANT,QUEENS,3151,STEINWAY STREET,11103.0,Pizza,11.0,A,2016-12-06
41353929,PIZZARAMA,QUEENS,3715,FRANCIS LEWIS BOULEVARD,11361.0,Pizza,11.0,A,2016-10-26
41355657,PRIMA PIZZA,QUEENS,22270,BRADDOCK AVE,11428.0,Pizza,7.0,A,2017-02-03
41357256,PHIL'S PIZZA WEST VILLAGE,MANHATTAN,226,VARICK STREET,10014.0,Pizza,9.0,A,2016-10-26
41358275,NAPOLI'S BEST PIZZA,BRONX,521,EAST TREMONT AVENUE,10457.0,Pizza,7.0,A,2016-04-14
41359153,TWO BOOTS,MANHATTAN,1617,2 AVENUE,10028.0,Pizza,12.0,A,2017-01-03
41361120,SOFIA PIZZA RESTAURANT,BROOKLYN,2822,CONEY ISLAND AVENUE,11235.0,Pizza,12.0,A,2017-01-21
41361177,GRIMALDI'S,QUEENS,24202,61 AVENUE,11362.0,Pizza,10.0,A,2016-04-19
41363369,LA CROSTA RESTAURANT,MANHATTAN,436,EAST   72 STREET,10021.0,Pizza,10.0,A,2016-07-28
41363896,MARIO'S PIZZA,BRONX,79,EAST GUN HILL ROAD,10467.0,Pizza,9.0,A,2017-02-23
41365678,MICHELANGELO'S PIZZA,STATEN ISLAND,860,POST AVENUE,10310.0,Pizza,7.0,A,2016-11-03
41366056,THE 3 LUIGIS,BROOKLYN,275,GRAND AVENUE,11238.0,Pizza,11.0,A,2017-01-24
41368950,GOTHAM PIZZA,MANHATTAN,144,9 AVENUE,10011.0,Pizza,12.0,A,2016-09-29
41369411,FRANK'S PIZZA ITALIA,BRONX,772,CASTLE HILL AVE,10473.0,Pizza,7.0,A,2017-03-24
41370345,PRONTO PIZZA,QUEENS,4519,28 AVENUE,11103.0,Pizza,13.0,A,2016-08-25
41370989,CESTRA'S PIZZA,BRONX,3617,EAST TREMONT AVENUE,10465.0,Pizza,12.0,A,2016-12-29
41373384,APERITIVO PIZZA BAR,MANHATTAN,780,3 AVENUE,10017.0,Pizza,11.0,A,2016-08-04
41374464,DOMINO'S,QUEENS,3626,BELL BOULEVARD,11361.0,Pizza,5.0,A,2016-10-25
41376398,MASPETH PIZZA,QUEENS,7109,GRAND AVENUE,11378.0,Pizza,12.0,A,2016-02-25
41377019,FINO,QUEENS,3913,BELL BOULEVARD,11361.0,Pizza,9.0,A,2016-09-22
41377382,MADDY'S,BROOKLYN,36A,RALPH AVENUE,11221.0,Pizza,10.0,A,2016-07-14
41378790,STELLA'S PIZZA,MANHATTAN,110,9 AVENUE,10011.0,Pizza,10.0,A,2016-10-24
41380885,MAMA TINA'S PIZZA,MANHATTAN,2649,FRDERICK DOUGLASS BOULEVARD,10030.0,Pizza,10.0,A,2017-01-25
41381287,SINGAS FAMOUS PIZZA,QUEENS,26021,HILLSIDE AVENUE,11004.0,Pizza,12.0,A,2017-01-17
41381773,DOMINO'S,BROOKLYN,328,MYRTLE AVENUE,11205.0,Pizza,8.0,A,2016-09-30
41382761,R  T  PIZZA RESTAURANT,MANHATTAN,2236,AMSTERDAM AVENUE,10032.0,Pizza,9.0,A,2017-03-15
41384857,TONY'S PIZZA,BRONX,4189,WHITE PLAINS ROAD,10466.0,Pizza,12.0,A,2016-09-26
41385083,KOSHER PIZZA TIME,BROOKLYN,1324,AVENUE J,11230.0,Pizza,10.0,A,2016-12-27
41385659,TONY & TINA'S PIZZA,BRONX,2483,ARTHUR AVENUE,10458.0,Pizza,11.0,A,2016-09-01
41388576,MAMA'S PIZZA CAFE,MANHATTAN,705,8 AVENUE,10036.0,Pizza,5.0,A,2016-07-21
41388629,CAPIZZI,MANHATTAN,547,9 AVENUE,10018.0,Pizza,7.0,A,2016-01-05
41389364,VALIANO PIZZA,STATEN ISLAND,309,BRADLEY AVENUE,10314.0,Pizza,9.0,A,2016-05-16
41391794,BEST PIZZA ON 1ST.,MANHATTAN,1038,1 AVENUE,10022.0,Pizza,13.0,A,2017-01-17
41392231,IVANA PIZZA,BRONX,2373,ARTHUR AVENUE,10458.0,Pizza,19.0,B,2016-09-27
41393052,IGNAZIO'S,BROOKLYN,4,WATER STREET,11201.0,Pizza,9.0,A,2016-10-21
41393456,LITTLE CAESARS,BRONX,3044,3 AVENUE,10451.0,Pizza,9.0,A,2016-01-20
41394169,PIAZZA PIZZA,QUEENS,3106,42 STREET,11103.0,Pizza,8.0,A,2016-12-19
41394405,LITTLE ITALY PIZZA,MANHATTAN,11,PARK PLACE,10007.0,Pizza,10.0,A,2016-02-29
41395529,TWO BOOTS,QUEENS,126,ROOSEVELT AVENUE,11368.0,Pizza,2.0,A,2016-06-07
41396659,PAPA JOHN'S (STAND 310),BRONX,1,EAST  161 STREET,10451.0,Pizza,5.0,A,2016-05-25
41398154,DONA BELLA  PIZZA,MANHATTAN,154,CHURCH STREET,10007.0,Pizza,11.0,A,2017-03-24
41398570,PRONTO PIZZA,MANHATTAN,114,LIBERTY STREET,10006.0,Pizza,10.0,A,2016-03-31
41398960,KESTE PIZZA & VINO,MANHATTAN,271,BLEECKER STREET,10014.0,Pizza,13.0,A,2016-05-24
41399663,BENNY'S,BROOKLYN,1418,AVENUE J,11230.0,Pizza,12.0,A,2017-01-05
41403336,PIZZA ON THE RUN,BROOKLYN,1627,MERMAID AVENUE,11224.0,Pizza,11.0,A,2016-08-16
41405535,TWO BOOTS,MANHATTAN,625,9 AVENUE,10036.0,Pizza,12.0,A,2016-09-13
41406973,EURO PIZZA,BRONX,634,EAST  169 STREET,10456.0,Pizza,10.0,A,2017-03-29
41408737,"TACO BELL, PIZZA HUT EXPRESS",MANHATTAN,18,EAST   14 STREET,10003.0,Pizza,11.0,A,2017-03-27
41409985,ROSARIO PIZZA,BROOKLYN,374,CENTRAL AVENUE,11221.0,Pizza,5.0,A,2016-03-23
41411423,BEST PIZZA,BROOKLYN,33,HAVEMEYER STREET,11211.0,Pizza,13.0,A,2016-10-14
41415856,BELLA NAPOLI,BRONX,4235,KATONAH AVENUE,10470.0,Pizza,7.0,A,2016-02-01
41416592,SOUTH SHORE LITTLE LEAGUE,STATEN ISLAND,540,PAGE AVENUE,10307.0,Pizza,8.0,A,2016-05-26
41418341,DAISY'S PIZZA WINGS & BURGERS,BRONX,980,LONGWOOD AVENUE,10459.0,Pizza,11.0,A,2016-07-14
41418789,THE ORIGINAL EMILIO'S PIZZA,BRONX,3843,EAST TREMONT AVENUE,10465.0,Pizza,14.0,B,2017-01-11
41419643,PAPA JOHN'S,QUEENS,9906,NORTHERN BOULEVARD,11368.0,Pizza,10.0,A,2017-03-09
41426077,GEORGIO'S PIZZERIA,MANHATTAN,20,BEAVER STREET,10004.0,Pizza,18.0,B,2016-09-26
41426339,PIAZZA PIZZA & GRILL,MANHATTAN,1530,3 AVENUE,10028.0,Pizza,17.0,B,2017-01-23
41428195,FARMERS PIZZERIA,QUEENS,11136,FARMERS BOULEVARD,11412.0,Pizza,9.0,A,2016-04-06
41428965,IGGY'S PIZZERIA,MANHATTAN,173,1 AVENUE,10003.0,Pizza,13.0,A,2017-04-05
41430074,MOLTO BENE,BROOKLYN,9524,FOURTH AVENUE,11209.0,Pizza,5.0,A,2017-02-14
41433437,NICE PIZZA,BROOKLYN,340,FRANKLIN AVENUE,11238.0,Pizza,21.0,Z,2017-04-07
41434590,620 ON CATON,BROOKLYN,620,CATON AVENUE,11218.0,Pizza,23.0,Z,2017-04-17
41434866,BELLA VITA,MANHATTAN,158,WEST   58 STREET,10019.0,Pizza,42.0,Z,2017-02-17
41434872,SAL & PAUL'S PIZZERIA,BROOKLYN,1686,PITKIN AVENUE,11212.0,Pizza,6.0,A,2016-11-04
41436020,TONY'S PIZZA,QUEENS,10918,JAMAICA AVENUE,11418.0,Pizza,7.0,A,2016-03-17
41436770,PIZZA HAVEN,MANHATTAN,4942,BROADWAY,10034.0,Pizza,9.0,A,2017-03-13
41437033,KING'S PIZZA,BROOKLYN,1688,EAST   16 STREET,11229.0,Pizza,9.0,A,2016-10-14
41437112,SLICES AND ICES,QUEENS,208,BEACH 116 STREET,11694.0,Pizza,10.0,A,2016-10-31
41437135,SUNNYSIDE PIZZA,QUEENS,4001,QUEENS BOULEVARD,11104.0,Pizza,10.0,A,2016-03-24
41437564,FAMOUS PIZZA PARK,BROOKLYN,263,AVENUE U,11223.0,Pizza,10.0,A,2016-11-23
41440130,TONYS PIZZA ON NOSTRAND,BROOKLYN,850,NOSTRAND AVENUE,11225.0,Pizza,5.0,A,2016-04-12
41441196,MOTORINO PIZZERIA NAPOLETANA,MANHATTAN,349,EAST   12 STREET,10003.0,Pizza,9.0,A,2016-08-15
41445022,ROYAL PIZZA,MANHATTAN,592,3 AVENUE,10016.0,Pizza,5.0,A,2016-04-13
41447856,WILD,MANHATTAN,535,HUDSON STREET,10014.0,Pizza,8.0,A,2016-10-19
41450085,VINNY VINCENZ,MANHATTAN,231,1 AVENUE,10003.0,Pizza,13.0,A,2017-02-17
41453548,JEROME'S PIZZA & PASTA,BRONX,21,EAST BEDFORD PARK BOULEVARD E,10468.0,Pizza,7.0,A,2016-02-02
41454913,LITTLE ITALY PIZZA,MANHATTAN,401,7 AVENUE,10001.0,Pizza,9.0,A,2017-03-27
41455451,LJ PIZZA,BRONX,2734,JEROME AVENUE,10468.0,Pizza,2.0,A,2017-03-23
41456225,PREVITI PIZZA,MANHATTAN,122,EAST   41 STREET,10017.0,Pizza,2.0,A,2016-09-09
41456879,RAY'S PIZZA,MANHATTAN,1827,2 AVENUE,10128.0,Pizza,10.0,A,2016-07-26
41458079,PAULIE GEE,BROOKLYN,60,GREENPOINT AVENUE,11222.0,Pizza,12.0,A,2017-01-20
41459621,GINO'S BRICK OVEN PIZZA & TRATTORIA,BROOKLYN,548550,FLATBUSH AVENUE,11225.0,Pizza,12.0,A,2016-11-10
41459769,VINNIE'S PIZZERIA,BROOKLYN,253,NASSAU AVENUE,11222.0,Pizza,12.0,A,2016-10-20
41459932,FARMERS PIZZA & GRILL,QUEENS,11725,FARMERS BOULEVARD,11412.0,Pizza,31.0,Z,2017-04-07
41462768,PAPA JOHN'S,BROOKLYN,1915,NOSTRAND AVENUE,11226.0,Pizza,11.0,A,2016-10-27
41462894,"YUMMY FRIED CHICKEN, PIZZA & GRILL",QUEENS,16720,HILLSIDE AVENUE,11432.0,Pizza,10.0,A,2017-02-16
41466837,IL FORNO OF BROOKLYN,STATEN ISLAND,6382,AMBOY ROAD,10309.0,Pizza,12.0,A,2016-09-14
41466984,BROADWAY PIZZA,MANHATTAN,2709,BROADWAY,10025.0,Pizza,9.0,A,2016-10-03
41467424,SINGAS FAMOUS PIZZA,QUEENS,6353,108 STREET,11375.0,Pizza,10.0,A,2017-02-23
41468822,I LOVE NY PIZZA,BRONX,1739,EAST  172 STREET,10472.0,Pizza,8.0,A,2017-04-11
41474197,ONE STOP PIZZA & RESTAURANT,QUEENS,2815,36 AVENUE,11106.0,Pizza,13.0,A,2017-02-14
41477434,LITTLE CAESARS,BRONX,4,WEST MOUNT EDEN AVENUE,10452.0,Pizza,3.0,A,2017-02-23
41477496,ROZAFA LOUNGE,BROOKLYN,45,AVENUE S,11223.0,Pizza,3.0,A,2016-04-29
41477814,2 BROS PIZZA,MANHATTAN,542,9 AVENUE,10018.0,Pizza,12.0,A,2017-02-23
41477916,PIZZA BY CERTE,MANHATTAN,132,EAST   56 STREET,10022.0,Pizza,11.0,A,2016-07-22
41478736,EXCLUSIVE PIZZA,MANHATTAN,810,WEST  181 STREET,10033.0,Pizza,2.0,A,2016-10-28
41479049,MARGHERITA'S PIZZA,BRONX,945,EAST  163 STREET,10459.0,Pizza,36.0,Z,2017-03-17
41479303,GOTHAM PIZZA,MANHATTAN,1667,1 AVENUE,10028.0,Pizza,9.0,A,2016-04-07
41479400,ROCCO'S PIZZA,BRONX,397,BEDFORD PARK BOULEVARD,10458.0,Pizza,5.0,A,2016-01-26
41480432,GINO'S PIZZA,MANHATTAN,81,CATHERINE STREET,10038.0,Pizza,10.0,A,2016-07-21
41481755,LITTLE ANTHONYS DELI & PIZZA,QUEENS,15019,LIBERTY AVENUE,11433.0,Pizza,7.0,A,2016-04-05
41481812,99 FRESH PIZZA,MANHATTAN,201,EAST   34 STREET,10016.0,Pizza,11.0,A,2016-08-09
41482729,PERIZIA CAFE  and  PIZZA,BROOKLYN,1626,EAST   16 STREET,11229.0,Pizza,5.0,Z,2017-03-27
41485091,BRAVO PIZZA,MANHATTAN,115,EAST   14 STREET,10003.0,Pizza,12.0,A,2016-10-17
41487847,TASTE OF ITALY PIZZERIA,QUEENS,2916,CRESCENT STREET,11102.0,Pizza,6.0,A,2016-03-17
41492306,UNCLE MARIO'S,MANHATTAN,739,9 AVENUE,10019.0,Pizza,2.0,A,2016-05-20
41492552,TWO BOOTS,MANHATTAN,2547,BROADWAY,10025.0,Pizza,12.0,A,2017-02-15
41494911,NAPOLI PIZZA,STATEN ISLAND,1206,VICTORY BOULEVARD,10301.0,Pizza,12.0,A,2017-02-07
41495525,SINGAS FAMOUS PIZZA,BROOKLYN,512,GRAND STREET,11211.0,Pizza,2.0,A,2016-10-27
41496204,ALITALIA PIZZA RESTAURANT,BRONX,1138,EAST TREMONT AVENUE,10460.0,Pizza,13.0,A,2016-06-30
41497254,D NAPOLI PIZZA,MANHATTAN,906,3 AVENUE,10022.0,Pizza,10.0,A,2017-01-19
41499490,BERGEN PIZZA,BROOKLYN,67,6 AVENUE,11217.0,Pizza,9.0,A,2016-04-25
41501115,MILANO'S PIZZERIA,MANHATTAN,2255,2 AVENUE,10029.0,Pizza,10.0,A,2016-04-08
41505290,ROMEO'S PIZZA,QUEENS,13424,CROSSBAY BOULEVARD,11417.0,Pizza,9.0,A,2016-08-05
41507172,BARI'S PIZZA & PASTA RESTAURANT,STATEN ISLAND,596,BAY STREET,10304.0,Pizza,5.0,A,2016-03-15
41508862,FARINELLA,MANHATTAN,1132,LEXINGTON AVENUE,10075.0,Pizza,7.0,A,2016-06-08
41514447,EL PAISANO PIZZERIA,BRONX,3444,E TREMONT AVE,10465.0,Pizza,3.0,A,2016-08-30
41517086,GIUSEPPINA'S BRICK OVEN,BROOKLYN,691,6 AVENUE,11215.0,Pizza,8.0,A,2016-09-22
41519432,SAN MATTEO PIZZA ESPRESSO BAR,MANHATTAN,1739,2 AVENUE,10128.0,Pizza,13.0,A,2016-07-22
41533145,SAL'S PIZZERIA,BROOKLYN,119,WYCKOFF AVENUE,11237.0,Pizza,13.0,A,2016-03-08
41533306,99 CENT EXPRESS PIZZA,MANHATTAN,301,WEST   43 STREET,10036.0,Pizza,13.0,A,2016-05-06
41534020,MARK'S PIZZERIA,BROOKLYN,326,VAN BRUNT STREET,11231.0,Pizza,10.0,A,2016-08-12
41538121,SLICE & CO. BRICK OVEN PIZZA,MANHATTAN,527,6 AVENUE,10011.0,Pizza,12.0,A,2016-10-03
41538513,ARTICHOKE BASILLE'S PIZZA & BAR,MANHATTAN,111,MACDOUGAL STREET,10012.0,Pizza,21.0,B,2017-01-17
41538949,99 CENT FRESH PIZZA,MANHATTAN,1723,BROADWAY,10019.0,Pizza,13.0,A,2016-04-20
41538952,PAULINE AND SHARON'S,BROOKLYN,597,4 AVENUE,11215.0,Pizza,7.0,A,2016-11-15
41540355,LITTLE CAESARS,BRONX,119,WEST KINGSBRIDGE ROAD,10468.0,Pizza,13.0,A,2016-11-09
41541114,PINO'S PIZZA,STATEN ISLAND,275,PORT RICHMOND AVENUE,10302.0,Pizza,11.0,A,2017-01-12
41542451,LITTLE CAESARS,BROOKLYN,8008,FLATLANDS AVENUE,11236.0,Pizza,12.0,A,2016-10-18
41543097,RUBBY PIZZERIA RESTAURANT,MANHATTAN,862,10 AVENUE,10019.0,Pizza,3.0,A,2016-12-27
41543650,ST. ALBANS PIZZERIA,QUEENS,20527,HOLLIS AVENUE,11412.0,Pizza,7.0,A,2016-09-28
41543722,DOMINO'S,MANHATTAN,736,WEST  181 STREET,10033.0,Pizza,10.0,A,2016-10-11
41546229,JOE'S PIZZA,BRONX,3009,MIDDLETOWN ROAD,10461.0,Pizza,7.0,A,2016-07-05
41549862,LUCIANO'S PIZZA,BRONX,1005A,MORRIS PARK AVENUE,10462.0,Pizza,11.0,A,2016-10-21
41557623,MAMMA'S PIZZA & RESTAURANT,QUEENS,4740,BELL BOULEVARD,11361.0,Pizza,6.0,A,2016-10-11
41557895,GRIMALDI'S,MANHATTAN,656,6 AVENUE,10010.0,Pizza,26.0,B,2016-11-28
41559183,LILLIAN PIZZERIA,QUEENS,9601,69 AVENUE,11375.0,Pizza,9.0,A,2016-05-24
41561022,99 CENTS FRESH HOT PIZZA,BROOKLYN,51,WILLOUGHBY STREET,11201.0,Pizza,4.0,A,2017-03-16
41561032,DOMINO'S,BRONX,3025,3 AVENUE,10455.0,Pizza,3.0,A,2016-04-21
41562244,RIZZOS PIZZA,MANHATTAN,1426,LEXINGTON AVENUE,10028.0,Pizza,9.0,A,2016-03-31
41563197,ROCKY'S I PIZZA & RESTAURANT,MANHATTAN,304,WEST   14 STREET,10014.0,Pizza,9.0,A,2016-05-20
41563704,FDR 99Â¢ SLICE PIZZA,MANHATTAN,150,EAST 2ND  STREET,10009.0,Pizza,5.0,A,2016-03-21
41566307,FAMOUS FAMIGLIA PIZZERIA,MANHATTAN,488,8 AVENUE,10001.0,Pizza,9.0,A,2017-02-08
41569547,DOMINO'S,BRONX,3869,WHITE PLAINS ROAD,10467.0,Pizza,2.0,A,2016-05-05
41569560,DOMINO'S,BRONX,3484,BOSTON ROAD,10469.0,Pizza,7.0,A,2016-04-20
41571471,LITTLE CAESARS,QUEENS,14605,JAMAICA AVENUE,11435.0,Pizza,21.0,B,2017-02-22
41572121,LUKE'S PIZZA,BRONX,1226,SOUTHERN BOULEVARD,10459.0,Pizza,2.0,A,2016-03-07
41574441,PRINCESS PIZZA & RESTAURANT,BROOKLYN,535,5 AVENUE,11215.0,Pizza,13.0,A,2016-04-19
41575103,PAPA JOHN'S,QUEENS,4012,GREENPOINT AVENUE,11104.0,Pizza,7.0,A,2016-12-15
41575384,LITTLE ITALY PIZZA,MANHATTAN,2047,BROADWAY,10023.0,Pizza,13.0,A,2017-02-03
41579368,DYCKMAN PALACE PIZZA,MANHATTAN,121,DYCKMAN STREET,10040.0,Pizza,9.0,A,2017-02-14
41579478,HIGH CLASS PIZZA,QUEENS,24611,JERICHO TURNPIKE,11426.0,Pizza,2.0,A,2016-03-15
41586332,OLGA'S PIZZA,MANHATTAN,3409,BROADWAY,10031.0,Pizza,12.0,A,2016-08-08
41589585,PIZZALICIOUS,BROOKLYN,1675,NOSTRAND AVENUE,11226.0,Pizza,8.0,A,2016-11-30
41589950,BARBONCINO,BROOKLYN,781,FRANKLIN AVENUE,11238.0,Pizza,9.0,A,2016-01-09
41590571,TATO'S PIZZA,BROOKLYN,8409,18 AVENUE,11214.0,Pizza,4.0,A,2017-01-03
41593372,MY PIZZA,BRONX,301,WEST TREMONT AVENUE,10453.0,Pizza,13.0,A,2016-07-18
41594882,LA NOSTRA PIZZERIA,MANHATTAN,2146,2 AVENUE,10029.0,Pizza,10.0,A,2016-04-26
41595287,LA TRATTORIA,MANHATTAN,844,2 AVENUE,10017.0,Pizza,12.0,A,2017-02-23
41595439,2 BROS PIZZA,BROOKLYN,395,FLATBUSH AVENUE EXTENSION,11201.0,Pizza,9.0,A,2016-06-10
41596557,ITALIAN PIZZA,BRONX,904,MORRIS AVENUE,10451.0,Pizza,6.0,A,2016-01-19
41600260,GOURMET PIZZA,QUEENS,16210,JAMAICA AVENUE,11432.0,Pizza,12.0,A,2016-08-01
41600522,LUIGI PIZZERIA & RISTORANTE,MANHATTAN,1701,1 AVENUE,10128.0,Pizza,12.0,A,2017-03-20
41602165,JO JO PIZZA,BRONX,1545,WESTCHESTER AVENUE,10472.0,Pizza,7.0,A,2016-02-02
41604710,LITTLE CAESARS,BRONX,2537,DECATUR AVENUE,10458.0,Pizza,7.0,A,2017-04-03
41605185,MERMAID SPORTS BAR,QUEENS,3106,31 STREET,11106.0,Pizza,7.0,A,2017-03-09
41608200,MIKE'S PIZZA OF BROOKLYN,BROOKLYN,2026,BEDFORD AVENUE,11226.0,Pizza,12.0,A,2016-11-01
41611521,POSH TOMATO,BROOKLYN,1701,AVENUE M,11230.0,Pizza,27.0,B,2016-11-16
41613806,THE BEST $1.00 PIZZA,MANHATTAN,171,WEST   23 STREET,10011.0,Pizza,12.0,A,2016-07-13
41614152,SOTTO CASA,BROOKLYN,298,ATLANTIC AVENUE,11201.0,Pizza,5.0,A,2017-03-24
41615121,LITTLE CAESARS,BROOKLYN,2874,FULTON STREET,11207.0,Pizza,6.0,A,2017-02-28
41616179,DARO'S PIZZA,QUEENS,4425,KISSENA BOULEVARD,11355.0,Pizza,12.0,A,2017-01-18
41620893,LITTLE CAESARS,BRONX,496,EAST  138 STREET,10454.0,Pizza,12.0,A,2016-08-19
41623768,GINO'S PIZZA,QUEENS,1038,BEACH   20 STREET,11691.0,Pizza,12.0,A,2016-10-13
41626598,SAL'S FAMILY PIZZA,MANHATTAN,384,BROOME STREET,10013.0,Pizza,13.0,A,2016-11-16
41630365,KINGS PIZZA,BROOKLYN,916,FULTON STREET,11238.0,Pizza,13.0,A,2017-03-06
41630950,CITY LINE PIZZA & PASTA,BROOKLYN,1224,LIBERTY AVENUE,11208.0,Pizza,9.0,A,2017-01-18
41632118,JIMMYS PIZZA,BROOKLYN,561,WILSON AVENUE,11207.0,Pizza,3.0,A,2016-05-12
41632770,HALAL PIZZA & FRIED CHICKEN,BROOKLYN,1036,CONEY ISLAND AVE,11230.0,Pizza,11.0,A,2016-01-05
41633964,GLORIA PIZZA,QUEENS,10822,QUEENS BOULEVARD,11375.0,Pizza,11.0,A,2016-05-04
41634314,FAMOUS FAMIGLIA PIZZERIA,QUEENS,0,JFK INTERNATIONAL AIRPORT,11430.0,Pizza,8.0,A,2016-03-10
41636395,PRINCE ST PIZZA,MANHATTAN,27,PRINCE STREET,10012.0,Pizza,11.0,A,2016-05-02
41636558,JOE'S PIZZA,MANHATTAN,211,8 AVENUE,10011.0,Pizza,8.0,A,2016-06-09
41636692,F & F 99 CENTS PIZZA,MANHATTAN,153,AVENUE C,10009.0,Pizza,12.0,A,2016-03-23
41637665,TONY'S FAMOUS PIZZA,BROOKLYN,3145,FULTON STREET,11208.0,Pizza,12.0,A,2017-04-19
41638854,ANTONIO'S PIZZERIA,BROOKLYN,32,COURT STREET,11201.0,Pizza,9.0,A,2016-05-27
41638918,ANGELO'S PIZZERIA,MANHATTAN,117,WEST   57 STREET,10019.0,Pizza,12.0,A,2016-02-25
41639260,ARTICHOKE BASILE'S PIZZA DINING ROOM,MANHATTAN,328,EAST   14 STREET,10003.0,Pizza,10.0,A,2016-07-12
41639505,GIO'S PIZZA & RESTAURANT,BRONX,308,E 141ST ST,10454.0,Pizza,12.0,A,2016-10-24
41640977,SAL'S PIZZA,BRONX,3167,BAINBRIDGE AVENUE,10467.0,Pizza,0.0,Z,2016-10-26
41641008,PAPA JOHN'S,STATEN ISLAND,2175,HYLAN BOULEVARD,10306.0,Pizza,12.0,A,2016-10-13
41641108,LITTLE CAESARS,QUEENS,11410,SUTPHIN BLVD,11434.0,Pizza,13.0,A,2016-04-05
41641837,JOE'S PIZZERIA RESTAURANT & DELI,QUEENS,6116,FLUSHING AVENUE,11378.0,Pizza,12.0,A,2016-06-06
41641875,SUSANO'S PIZZERIA & RESTAURANT,QUEENS,679,SENECA AVENUE,11385.0,Pizza,8.0,A,2017-03-01
41642227,CROSBY PIZZA STOP,BRONX,1731,CROSBY AVENUE,10461.0,Pizza,11.0,A,2017-03-29
41642251,LITTLE CAESARS,BRONX,15,EAST  167 STREET,10452.0,Pizza,13.0,A,2016-03-05
41643622,PEPPINOS PIZZA,BRONX,4701,WHITE PLAINS ROAD,10470.0,Pizza,12.0,A,2016-09-06
41643816,ROCCO'S BRICK OVEN PIZZERIA,QUEENS,79-16,21 AVENUE,11370.0,Pizza,13.0,A,2016-06-02
41645519,NICK'S PIZZA,BRONX,1356,EAST GUN HILL ROAD,10469.0,Pizza,12.0,A,2017-03-02
41645673,69 PIZZERIA,QUEENS,4917,69TH ST,11377.0,Pizza,11.0,A,2016-07-13
41647210,SPRINGFIELD & LA BARI PIZZERIA,QUEENS,13613,FARMERS BLVD,11434.0,Pizza,10.0,A,2016-06-06
41649471,PIZZA PRINCE,BROOKLYN,86,NASSAU AVENUE,11222.0,Pizza,9.0,A,2016-12-06
41650542,LITTLE CAESARS,QUEENS,12707,MERRICK BOULEVARD,11434.0,Pizza,10.0,A,2016-03-10
41650772,SABA'S PIZZA,MANHATTAN,1376,LEXINGTON AVENUE,10128.0,Pizza,12.0,A,2016-08-15
41651087,LITTLE CAESARS,QUEENS,20501,LINDEN BLVD,11412.0,Pizza,10.0,A,2016-04-19
41651517,LIBERTY FRESH PIZZA,BROOKLYN,1097,LIBERTY AVENUE,11208.0,Pizza,9.0,A,2016-08-16
41652560,$1 PIZZA $2 BEER,MANHATTAN,95,MACDOUGAL STREET,10012.0,Pizza,5.0,A,2017-02-13
41652884,PRINCE $1 PIZZA,BROOKLYN,1276,FULTON STREET,11216.0,Pizza,19.0,B,2017-01-24
41653951,MARIA'S PIZZERIA RESTAURANT,BROOKLYN,1849,CONEY ISLAND AVENUE,11230.0,Pizza,12.0,A,2016-03-16
41655272,PAPI'S PIZZERIA,MANHATTAN,1422,ST NICHOLAS AVENUE,10033.0,Pizza,9.0,A,2017-02-28
41656133,MY PIE,MANHATTAN,696,LEXINGTON AVENUE,10022.0,Pizza,12.0,A,2016-09-22
41656246,NEW MARIOS PIZZERIA,BROOKLYN,373,WAVERLY AVENUE,11238.0,Pizza,7.0,A,2017-04-01
41657280,AENOS PIZZA,BRONX,1693,BOSTON ROAD,10460.0,Pizza,10.0,A,2016-02-13
41659069,FREDDY'S PIZZA,QUEENS,1266,150TH ST,11357.0,Pizza,4.0,A,2016-10-11
41660211,44TH STREET PIZZA,MANHATTAN,700,3 AVENUE,10017.0,Pizza,13.0,A,2016-02-23
41661062,PERCY'S PIZZA,MANHATTAN,190,BLEEKER STREET,10012.0,Pizza,4.0,A,2016-05-19
41661106,PIZZA CON VITAMINAS,QUEENS,4444,COLLEGE PT BLVD,11355.0,Pizza,12.0,A,2017-03-02
41662314,JUSTINOS PIZZERIA,STATEN ISLAND,89,GUYON AVENUE,10306.0,Pizza,9.0,A,2017-01-31
41663797,BARI'S PIZZA,BROOKLYN,8619,4 AVENUE,11209.0,Pizza,6.0,A,2016-10-24
41664706,DELICIAS PIZZA AND CHICKEN,QUEENS,14120,HOLLY AVENUE,11355.0,Pizza,13.0,A,2016-11-17
41670561,MARIO'S PIZZERIA,QUEENS,10212,101 AVENUE,11416.0,Pizza,9.0,A,2016-12-20
41671572,LEFRAK PIZZA,QUEENS,9717,57 AVENUE,11368.0,Pizza,7.0,A,2017-03-21
41672406,CHARLIE'S PIZZA,MANHATTAN,1501,ST NICHOLAS AVENUE,10033.0,Pizza,7.0,A,2016-05-18
41674167,FRANKS PIZZA,BROOKLYN,8025,FLATLANDS AVENUE,11236.0,Pizza,11.0,A,2017-03-01
41674445,VESUVIO PIZZA,BRONX,680,ALLERTON AVENUE,10467.0,Pizza,7.0,A,2016-04-05
41675367,J-M PIZZA II,BROOKLYN,1323,AVENUE U,11229.0,Pizza,0.0,A,2017-01-24
41676393,JOHNNY'S PIZZA RESTAURANT,BRONX,535,EAST  180 STREET,10457.0,Pizza,11.0,A,2016-12-01
41677059,GRIMALDI'S,BROOKLYN,1215,SURF AVENUE,11224.0,Pizza,2.0,A,2017-01-23
41679882,GREEN OLIVE PIZZA,QUEENS,27111,UNION TPKE,11040.0,Pizza,7.0,A,2016-08-02
41682041,NY FRESH PIZZA,MANHATTAN,787,9 AVENUE,10019.0,Pizza,8.0,A,2016-05-17
41684752,VICTORIO'S PIZZA PLUS,MANHATTAN,348,WEST  145 STREET,10039.0,Pizza,13.0,A,2016-03-22
41686184,OLI 99Â¢ FRESH PIZZA,BRONX,2,EAST BURNSIDE AVENUE,10453.0,Pizza,11.0,A,2017-01-26
41686667,OMG PIZZA,BROOKLYN,1307,MYRTLE AVENUE,11221.0,Pizza,7.0,A,2016-10-07
41688142,WILLIAMSBURG PIZZA,BROOKLYN,620,ATLANTIC AVENUE,11217.0,Pizza,0.0,A,2017-01-25
41688186,WILLIAMSBURG PIZZA,BROOKLYN,620,ATLANTIC AVENUE,11217.0,Pizza,0.0,A,2017-01-25
41688479,MADISON'S PIZZERIA,QUEENS,775,WOODWARD AVENUE,11385.0,Pizza,10.0,A,2016-01-13
41689247,THE BEST PIZZA,MANHATTAN,748,9 AVENUE,10019.0,Pizza,11.0,A,2017-02-16
41689915,TRIPLE T PIZZA & BURGERS,BRONX,3740,BOSTON ROAD,10469.0,Pizza,12.0,A,2017-01-31
41690381,C & M PIZZA,BRONX,2519,WEBSTER AVENUE,10458.0,Pizza,11.0,A,2016-03-04
41691396,SAM'S,QUEENS,8906,NORTHERN BOULEVARD,11372.0,Pizza,12.0,A,2016-11-01
41693709,LITTLE CAESARS,QUEENS,7428,JAMAICA AVENUE,11421.0,Pizza,8.0,A,2016-10-13
41695668,CLAUDINE'S,BROOKLYN,311,SMITH STREET,11231.0,Pizza,12.0,A,2016-10-12
41696159,LUIGI'S PIZZA & PASTA,BRONX,119,EAST MOUNT EDEN AVENUE,10452.0,Pizza,8.0,A,2016-10-31
41696163,SHESHE PIZZERIA,MANHATTAN,961,COLUMBUS AVENUE,10025.0,Pizza,11.0,A,2017-02-15
41696878,99Â¢ HOT PIZZA,BROOKLYN,255,LIVINGSTON STREET,11217.0,Pizza,5.0,A,2017-01-28
41698319,KORONET PIZZA,MANHATTAN,4087,BROADWAY,10032.0,Pizza,21.0,B,2016-12-13
41699573,PIZZA,BRONX,231,EAST  167 STREET,10456.0,Pizza,12.0,A,2016-04-08
41700017,LITTLE CAESARS,QUEENS,8610,ROOSEVELT AVENUE,11372.0,Pizza,2.0,A,2017-02-06
41700921,99 CENT PIZZA,MANHATTAN,4151,BROADWAY,10033.0,Pizza,13.0,A,2017-03-30
41701184,LITTLE CAESARS,BRONX,1054,SOUTHERN BOULEVARD,10459.0,Pizza,7.0,A,2017-03-30
41701266,LA BONA PIZZA RESTAURANT,BROOKLYN,2426,PITKIN AVENUE,11208.0,Pizza,9.0,A,2016-12-15
41701789,FLACO'S PIZZERIA,MANHATTAN,3876,BROADWAY,10032.0,Pizza,11.0,A,2016-09-28
41702516,WING BISTRO,BROOKLYN,1066,FLATBUSH AVENUE,11226.0,Pizza,11.0,A,2016-11-01
41702705,ZZ'S PIZZA & GRILL,STATEN ISLAND,1,RICHMOND TERRACE,10301.0,Pizza,12.0,A,2017-02-01
41703517,PIZZA HUT,BRONX,601,WESTCHESTER AVENUE,10455.0,Pizza,6.0,A,2017-02-03
41703671,LITTLE CAESARS,BRONX,3706,3 AVENUE,10456.0,Pizza,12.0,A,2016-03-23
41704055,JOHNS PIZZA,BRONX,1788,WESTCHESTER AVENUE,10472.0,Pizza,7.0,A,2016-08-01
41704249,FAMOUS FAMIGLIA PIZZERIA,MANHATTAN,1398,MADISON AVENUE,10029.0,Pizza,12.0,A,2016-07-26
41704268,MARCELLA'S PIZZERIA & CATERING,QUEENS,25921,UNION TURNPIKE,11004.0,Pizza,10.0,A,2017-04-10
41704800,99Â¢ FAMOUS PIZZA,MANHATTAN,430,EAST   14 STREET,10009.0,Pizza,3.0,A,2016-09-27
41704965,PIZZA HUT,BRONX,2013,WESTCHESTER AVENUE,10462.0,Pizza,5.0,A,2016-09-13
41705628,PIZZA MIA,STATEN ISLAND,529,TOMPKINS AVENUE,10305.0,Pizza,9.0,A,2016-12-20
41705867,PIZZA NOVA,MANHATTAN,150,DYCKMAN STREET,10040.0,Pizza,2.0,A,2017-02-08
41706076,LITTLE CAESARS,BROOKLYN,1482,FLATBUSH AVENUE,11210.0,Pizza,12.0,A,2016-11-25
41706083,VIDALI'S PIZZA,QUEENS,3106,21 STREET,11106.0,Pizza,12.0,A,2016-11-01
41706383,PIZ-ZETTA,BROOKLYN,90,LIVINGSTON STREET,11201.0,Pizza,7.0,A,2016-06-23
41710589,F & F 99 CENTS PIZZA,MANHATTAN,2127,3 AVENUE,10035.0,Pizza,8.0,A,2016-11-03
41710730,NORTH SHORE PIZZERIA & RESTAURANT,STATEN ISLAND,1376,FOREST AVENUE,10302.0,Pizza,26.0,B,2016-11-02
41711029,MY FAMILY PIZZA,STATEN ISLAND,340,VICTORY BOULEVARD,10301.0,Pizza,3.0,Z,2017-04-12
41712295,BEN'S PIZZA AND RESTAURANT,BROOKLYN,8125,3 AVENUE,11209.0,Pizza,10.0,A,2016-04-15
41713178,DARO'S PIZZA AND CHICKEN,QUEENS,6814,ROOSEVELT AVENUE,11377.0,Pizza,9.0,A,2016-04-25
41715730,MIA PIZZA,QUEENS,2417,DITMARS BOULEVARD,11105.0,Pizza,5.0,A,2017-04-06
41716092,DOMINO'S,MANHATTAN,3624,BROADWAY,10031.0,Pizza,2.0,A,2017-01-11
41716200,LITTLE CAESARS,BRONX,841,EAST  149 STREET,10455.0,Pizza,11.0,A,2016-05-24
41716904,HIGHLINE PIZZERIA,MANHATTAN,503,WEST   28 STREET,10001.0,Pizza,9.0,A,2016-11-16
41717500,JOE'S PIZZA,MANHATTAN,150,EAST   14 STREET,10003.0,Pizza,11.0,A,2016-06-30
41719692,ANDRE'S PIZZA,QUEENS,2519,40 AVENUE,11101.0,Pizza,12.0,A,2016-04-01
41721164,SOFIA'S PIZZA,QUEENS,11215,LINDEN BOULEVARD,11420.0,Pizza,12.0,A,2016-12-15
41722020,2 BROS PIZZA,BRONX,207,EAST FORDHAM ROAD,10458.0,Pizza,12.0,A,2016-09-09
41722504,TRI-COLOR RESTAURANT AND PIZZERIA,BROOKLYN,191,GRAHAM AVENUE,11206.0,Pizza,10.0,A,2017-02-25
50000030,VILLAGE MARIA,STATEN ISLAND,3995,AMBOY ROAD,10308.0,Pizza,9.0,A,2017-01-26
50000059,BOARDWALK PIZZERIA RESTAURANT,QUEENS,6820,ROCKAWAY BEACH BOULEVARD,11692.0,Pizza,12.0,A,2016-07-08
50000187,GRANDMA PIZZA,MANHATTAN,2551,AMSTERDAM AVENUE,10033.0,Pizza,8.0,A,2016-03-30
50000222,PAPA JOHN'S,QUEENS,8953,FRANCIS LEWIS BLVD,11427.0,Pizza,7.0,A,2016-09-01
50000282,UPTOWN SLICES,MANHATTAN,272,W 135 STREET,10030.0,Pizza,12.0,A,2017-01-25
50000348,GINO'S PIZZA EXPRESS,QUEENS,6269,DRY HARBOR RD,11379.0,Pizza,11.0,A,2016-04-26
50000351,MILKFLOWER,QUEENS,3412,31ST AVE,11106.0,Pizza,9.0,A,2017-01-26
50000458,BEVERLEY PIZZA & CAFE,BROOKLYN,358,E 2ND ST,11218.0,Pizza,10.0,A,2016-09-28
50000655,STEVES PIZZA,BROOKLYN,603,SUTTER AVE,11207.0,Pizza,12.0,A,2016-07-06
50000715,JR. BELLA'S,BROOKLYN,760,CONEY ISLAND AVENUE,11218.0,Pizza,7.0,A,2016-11-16
50000732,LOWER EAST SIDE PIZZA,MANHATTAN,181,EAST BROADWAY,10002.0,Pizza,7.0,A,2017-02-22
50000777,PIZZA BOY I,QUEENS,7404,37TH AVE,11372.0,Pizza,9.0,A,2016-05-31
50000869,GOTHAM PIZZA,MANHATTAN,852,EIGHTH AVE,10019.0,Pizza,12.0,A,2016-11-14
50000923,DI FARA PIZZERIA,BROOKLYN,1424,AVENUE J,11230.0,Pizza,9.0,A,2017-03-15
50000937,MIKE DADDY'S PIZZA,BROOKLYN,449,7TH AVENUE,11215.0,Pizza,9.0,A,2016-07-13
50001048,99 CENTS BEST & FRESH PIZZA,MANHATTAN,166,WEST 27 STREET,10001.0,Pizza,7.0,A,2017-04-17
50001201,PORTO BELLO PIZZERIA & RESTAURANT,QUEENS,43-18,DITMARS BLVD,11105.0,Pizza,8.0,A,2016-07-01
50001396,PIZZA PLUS,MANHATTAN,2253,3RD AVE,10035.0,Pizza,13.0,A,2016-10-04
50001454,GENESIS PIZZA PARLOR,QUEENS,149-09,UNION TPKE,11367.0,Pizza,3.0,A,2017-01-04
50001500,DOMINO'S,QUEENS,109-64,FRANCIS LEWIS BLVD,11429.0,Pizza,12.0,A,2016-08-16
50001541,TONY & VAL'S,BRONX,6201,BROADWAY,10471.0,Pizza,10.0,A,2017-02-01
50001702,D'ANGELO'S PIZZA,QUEENS,82-37,164 STREET,11432.0,Pizza,13.0,A,2016-05-26
50001877,RIZZO FINE PIZZA,MANHATTAN,17,CLINTON STREET,10002.0,Pizza,6.0,A,2017-03-30
50001883,NORBERT'S PIZZA,BROOKLYN,4,STUYVESANT AVENUE,11221.0,Pizza,2.0,A,2017-03-15
50001940,MERILU PIZZA AL METRO,MANHATTAN,791,9TH AVE,10019.0,Pizza,12.0,A,2016-07-27
50001951,TOMS PIZZA,QUEENS,104-10,JAMAICA AVE,11418.0,Pizza,9.0,A,2016-06-08
50002306,DOMINO'S,BRONX,1468,WESTCHESTER AVE,10472.0,Pizza,12.0,A,2016-10-24
50002403,LA BELLEZZA PIZZERIA,MANHATTAN,315,BROADWAY,10007.0,Pizza,17.0,B,2016-12-09
50002405,MAMMA MIA PIZZA,MANHATTAN,1760,1ST AVENUE,10128.0,Pizza,13.0,A,2016-12-12
50002422,TAGLIERE,QUEENS,000,JFK INTERNATIONAL AIRPORT,11430.0,Pizza,10.0,A,2016-04-28
50002470,PIZZETTERIA BRUNETTI,MANHATTAN,626,HUDSON STREET,10014.0,Pizza,12.0,A,2016-09-13
50002597,FRANCESCO'S PIZZERIA & TRATTORIA,BROOKLYN,529,HENRY STREET,11231.0,Pizza,7.0,A,2017-01-11
50002734,SALZA PIZZA,QUEENS,73-17,WOODSIDE AVE,11377.0,Pizza,9.0,A,2016-03-09
50002747,PIZZA EXPRESS,BROOKLYN,894,QUINCY STREET,11221.0,Pizza,12.0,A,2016-06-06
50002970,PAPA JOHN'S,BROOKLYN,8,SUTTER AVE,11212.0,Pizza,10.0,A,2016-11-17
50003299,LEO'S PIZZA,QUEENS,31-01,36TH AVE,11106.0,Pizza,8.0,A,2016-10-18
50003314,DANTE'S PIZZA,QUEENS,10503,METROPOLITAN AVE,11375.0,Pizza,7.0,A,2016-12-23
50003617,PI PIZZERIA,STATEN ISLAND,965,JEWETT AVE,10314.0,Pizza,12.0,A,2016-09-01
50003720,LITTLE ITALY PIZZA,MANHATTAN,217,E 86TH ST,10028.0,Pizza,12.0,A,2016-10-04
50003763,UNCLE JIMMY'S PIZZA,QUEENS,4110,49TH ST,11104.0,Pizza,12.0,A,2016-12-15
50004280,PIZZA HUT,QUEENS,21515,NORTHERN BLVD,11361.0,Pizza,2.0,A,2016-03-10
50004282,PIZZA HUT,BROOKLYN,8925,AVENUE D,11236.0,Pizza,7.0,A,2016-08-29
50004285,PIZZA HUT,BROOKLYN,140,EMPIRE BOULEVARD,11225.0,Pizza,7.0,A,2017-03-13
50004437,18 EAST GUNHILL PIZZA,BRONX,18,E GUN HILL RD,10467.0,Pizza,5.0,A,2017-04-18
50004569,PIZZA HUT,BROOKLYN,11114,FLATLANDS AVE,11207.0,Pizza,3.0,A,2017-01-05
50004682,I LOVE PIZZA,BRONX,3075,3RD AVE,10451.0,Pizza,7.0,Z,2017-04-18
50004725,PRINCE PIZZA,BROOKLYN,1101,AVENUE U,11223.0,Pizza,5.0,A,2016-05-11
50004837,CHUCK E. CHEESE'S,BRONX,700,EXTERIOR ST,10451.0,Pizza,15.0,B,2016-10-28
50005021,TONYS PIZZERIA,BRONX,51,E KINGSBRIDGE RD,10468.0,Pizza,11.0,A,2017-03-30
50005160,FAMOUS FAMIGLIA PIZZERIA,QUEENS,7420,ROOSEVELT AVE,11372.0,Pizza,12.0,A,2016-02-27
50005180,J & B YUMMY PIZZA,BROOKLYN,5507,5TH AVE,11220.0,Pizza,9.0,A,2016-02-22
50005469,LITTLE CAESARS,BRONX,3533,BOSTON RD,10469.0,Pizza,10.0,A,2017-01-31
50005515,TWO BOOTS,BROOKLYN,558,DRIGGS AVE,11211.0,Pizza,13.0,A,2017-03-23
50005552,MJ PIZZA,MANHATTAN,1976,1ST AVE,10029.0,Pizza,9.0,A,2016-11-03
50005603,MARIO'S PIZZERIA,QUEENS,6739,MYRTLE AVE,11385.0,Pizza,12.0,A,2016-10-27
50005675,PIZZA 23,MANHATTAN,268,W 23RD ST,10011.0,Pizza,13.0,A,2016-12-12
50005690,M & U Pizzeria,BROOKLYN,7502,18TH AVE,11214.0,Pizza,26.0,B,2016-10-04
50005801,LITTLE CAESARS,BROOKLYN,2797,86TH ST,11223.0,Pizza,2.0,A,2016-04-19
50005871,CUSTOM FUEL PIZZA,MANHATTAN,2288,FREDERICK DOUGLASS BLVD,10027.0,Pizza,12.0,A,2016-04-13
50005897,TI AMO PIZZA,STATEN ISLAND,3555,VICTORY BLVD,10314.0,Pizza,13.0,A,2016-04-14
50006046,LITTLE CAESARS,BROOKLYN,1110,PENNSYLVANIA AVE,11207.0,Pizza,4.0,A,2016-06-03
50006200,PAPA JOHN'S,BRONX,2241,WESTCHESTER AVE,10462.0,Pizza,12.0,A,2016-12-05
50006232,LITTLE CAESARS,BRONX,4711,WHITE PLAINS RD,10470.0,Pizza,5.0,A,2016-04-05
50006244,2 BROS PIZZA,MANHATTAN,319,6TH AVE,10014.0,Pizza,13.0,A,2016-08-23
50006606,LITTLE  CAESARS,QUEENS,8404,ASTORIA BOULEVARD,11370.0,Pizza,8.0,A,2016-04-18
50006691,REYS PIZZERIA & RERSTAURANT,QUEENS,9513,NORTHERN BLVD,11372.0,Pizza,24.0,Z,2017-04-05
50006794,TABLE 87,BROOKLYN,473,3RD AVE,11215.0,Pizza,5.0,A,2016-04-21
50007029,SINGAS FAMOUS PIZZA,QUEENS,4202,NORTHERN BLVD,11101.0,Pizza,9.0,A,2016-04-26
50007121,SLICE OF BROOKLYN  INC.,BROOKLYN,849,4TH AVE,11232.0,Pizza,11.0,A,2016-05-23
50007215,MARTINIELLO'S PIZZERIA,QUEENS,9506,ROOSEVELT AVE,11372.0,Pizza,12.0,A,2016-09-06
50007460,KRUST PIZZA,MANHATTAN,226,E 14TH ST,10003.0,Pizza,10.0,A,2016-09-19
50007613,PIZZA SUPERSTAR,BROOKLYN,446,DEAN ST,11217.0,Pizza,7.0,A,2016-07-25
50008221,BUONA PIZZA RESTAURANT,QUEENS,3213,BEACH CHANNEL DR,11691.0,Pizza,13.0,A,2016-10-24
50008422,LITTLE CAESARS,QUEENS,1342,BEACH CHANNEL DR,11691.0,Pizza,13.0,A,2016-02-22
50008497,PIZZA HEAVEN,BROOKLYN,3009,AVENUE N,11210.0,Pizza,11.0,A,2017-02-06
50008659,PIZZA CHEF,BROOKLYN,1512,FULTON ST,11216.0,Pizza,7.0,A,2017-03-02
50008722,LITTLE CAESARS,BRONX,2011A,WILLIAMSBRIDGE RD,10461.0,Pizza,12.0,A,2016-04-21
50008767,MR. PIZZA,STATEN ISLAND,2325,RICHMOND AVE,10314.0,Pizza,13.0,A,2016-04-27
50008935,ARCHIES,BROOKLYN,128,CENTRAL AVE,11221.0,Pizza,2.0,A,2017-03-11
50009287,CUCINA BENE PIZZERIA,MANHATTAN,1505,LEXINGTON AVE,10029.0,Pizza,8.0,A,2016-03-21
50009487,LA BELLA PIZZA,QUEENS,975,SENECA AVE,11385.0,Pizza,4.0,A,2016-09-07
50009685,ANNABEL,MANHATTAN,809,9TH AVE,10019.0,Pizza,10.0,A,2017-02-04
50009782,RIVOLI PIZZA II,MANHATTAN,131,CHRISTOPHER ST,10014.0,Pizza,9.0,A,2016-02-26
50009804,PIE PIE PIZZA,MANHATTAN,924,COLUMBUS AVE,10025.0,Pizza,10.0,A,2016-08-03
50009998,DADDY GREENS,BROOKLYN,352,MALCOLM X BLVD,11233.0,Pizza,12.0,A,2017-04-04
50010346,DOMINO'S,STATEN ISLAND,25,VICTORY BLVD,10301.0,Pizza,8.0,A,2016-05-11
50010501,99 CENT FRESH PIZZA,MANHATTAN,71,2ND AVE,10003.0,Pizza,9.0,A,2016-05-16
50010502,MELANI PIZZERIA,MANHATTAN,170,RIVINGTON ST,10002.0,Pizza,10.0,A,2016-09-13
50010573,DOMINO'S,STATEN ISLAND,1300,HYLAN BLVD,10305.0,Pizza,13.0,A,2016-10-19
50010587,DOMINO'S,STATEN ISLAND,3902,RICHMOND AVE,10312.0,Pizza,12.0,A,2017-04-12
50010599,DOMINO'S,STATEN ISLAND,1430,RICHMOND AVE,10314.0,Pizza,4.0,A,2016-09-28
50010850,RETRO PIZZA CAFE,QUEENS,4102A,BROADWAY,11103.0,Pizza,10.0,A,2017-01-13
50010863,GIOVANIS BIG PIZZA,BRONX,839A,PROSPECT AVE,10459.0,Pizza,11.0,A,2016-09-21
50010938,MEXZZARELLA PIZZA,BRONX,553,SOUNDVIEW AVE,10473.0,Pizza,23.0,B,2016-10-06
50010952,BILLY'S PIZZA PASTA,BROOKLYN,1626,BEDFORD AVE,11225.0,Pizza,12.0,A,2016-02-25
50011100,XOCHIL PIZZA,BROOKLYN,4613,5TH AVE,11220.0,Pizza,12.0,A,2017-02-22
50011252,ROCCO'S PIZZERIA,QUEENS,921,CROSS BAY BLVD,11693.0,Pizza,7.0,A,2016-10-19
50011259,CLINTON SQUARE PIZZA,MANHATTAN,201,CLINTON ST,10002.0,Pizza,13.0,A,2016-10-17
50011289,PASTAFINA PIZZA,MANHATTAN,388,3RD AVE,10016.0,Pizza,12.0,A,2016-08-08
50011519,LA VITA MIA PIZZERIA RESTAURANT,QUEENS,2801,24TH AVE,11102.0,Pizza,31.0,C,2016-09-13
50011610,BIG DADDY'S PIZZA,BROOKLYN,68,LORRAINE ST,11231.0,Pizza,10.0,A,2016-08-04
50011745,SAUCE N CHEESE 1,BROOKLYN,509,ALBANY AVE,11203.0,Pizza,2.0,A,2016-08-15
50011906,BROADWAY JOE'S PIZZA,BRONX,5985,BROADWAY,10471.0,Pizza,4.0,A,2016-10-19
50011918,BELLA DONNA PIZZZA,QUEENS,6091,54TH ST,11378.0,Pizza,8.0,A,2016-08-15
50011968,BONA PIZZA,BROOKLYN,1204A,FLATBUSH AVE,11226.0,Pizza,12.0,A,2016-05-23
50012117,ROBERTA'S PIZZA & BAKERY,BROOKLYN,261,MOORE ST,11206.0,Pizza,11.0,A,2016-09-22
50012119,JOEY PEPPERONI'S PIZZA,BRONX,114,E FORDHAM RD,10468.0,Pizza,24.0,B,2017-01-09
50012181,TWO BROTHERS PIZZA,BRONX,3039,BUHRE AVE,10461.0,Pizza,6.0,A,2016-06-01
50012217,ARMANDO'S PIZZA,BROOKLYN,1717,BROADWAY,11207.0,Pizza,12.0,A,2016-08-08
50012223,PIZZA STUDIO,BRONX,444,E FORDHAM RD,10458.0,Pizza,5.0,A,2016-05-04
50012265,PIZZA MOTO,BROOKLYN,338,HAMILTON AVE,11231.0,Pizza,12.0,A,2016-11-18
50012621,JOEY PEPPERONIS PIZZA,QUEENS,16614,JAMAICA AVE,11432.0,Pizza,5.0,A,2017-01-20
50012688,SLICE PIZZA,MANHATTAN,2224,AMSTERDAM AVE,10032.0,Pizza,7.0,A,2016-09-23
50012708,PIZZERIA DI MOLA,BROOKLYN,176,AVENUE O,11204.0,Pizza,5.0,A,2016-10-26
50012845,PIZZA CUCINA OF RIDGEWOOD,QUEENS,207,CYPRESS AVE,11385.0,Pizza,12.0,A,2016-06-13
50013000,JOEY PEPPERONI,MANHATTAN,493,2ND AVE,10016.0,Pizza,4.0,A,2017-03-31
50013002,JOEY PEPPERONI,MANHATTAN,381,BROADWAY,10013.0,Pizza,13.0,A,2016-09-12
50013172,RIVERDALE PIE GUYS,BRONX,5784,MOSHOLU AVENUE,10471.0,Pizza,12.0,A,2017-02-22
50013258,JOE'S PIZZA AND PASTA RESTAURANT,QUEENS,9508,JAMAICA AVE,11421.0,Pizza,2.0,A,2016-09-07
50013380,PIZZA,MANHATTAN,84,HESTER ST,10002.0,Pizza,9.0,A,2016-08-23
50013395,Ria Bella,BROOKLYN,1049,MANHATTAN AVE,11222.0,Pizza,12.0,A,2016-07-20
50013447,DOMINO'S,MANHATTAN,205,ALLEN ST,10002.0,Pizza,12.0,A,2017-01-09
50013454,DOMINO'S,MANHATTAN,16A,W 8TH ST,10011.0,Pizza,12.0,A,2016-09-07
50013567,ANDY'S CAFE,QUEENS,2339,ASTORIA BLVD,11102.0,Pizza,3.0,A,2016-08-22
50014173,DADDY'S PIZZA & PASTA,BROOKLYN,2625,86TH ST,11223.0,Pizza,12.0,A,2016-08-24
50014483,MARTINIELLO'S PIZZERIA,QUEENS,675,ONDERDONK AVE,11385.0,Pizza,2.0,A,2016-02-24
50014515,FAMOUS FAMIGLIA PIZZERIA,MANHATTAN,26,MURRAY STREET,10007.0,Pizza,13.0,A,2016-01-15
50014519,PAPA JOHN'S,BRONX,362,E 204TH ST,10467.0,Pizza,2.0,A,2016-03-08
50014677,B -SIDE,MANHATTAN,370,W 51ST ST,10019.0,Pizza,2.0,A,2015-12-08
50014887,MANHATTAN BRICK OVEN PIZZA & GRILL,MANHATTAN,1159,3RD AVE,10065.0,Pizza,12.0,A,2016-08-26
50014906,5 STAR CHEESE STEAK AND PIZZA,MANHATTAN,2039,1ST AVE,10029.0,Pizza,11.0,A,2017-03-23
50014941,DOMINO'S,BROOKLYN,1216,CORTELYOU RD,11218.0,Pizza,10.0,A,2016-08-04
50014986,LITTLE CAESARS,BROOKLYN,8622,4TH AVE,11209.0,Pizza,9.0,A,2016-10-11
50015202,10 DEVOE,BROOKLYN,10,DEVOE ST,11211.0,Pizza,9.0,A,2016-04-05
50015206,POPPY'S PIZZA,STATEN ISLAND,55,GUNTON PL,10309.0,Pizza,5.0,A,2016-11-10
50015444,99 CENTS FRESH SLICE PIZZA,MANHATTAN,105,STANTON ST,10002.0,Pizza,12.0,A,2017-03-07
50015516,TRUFFA WINE ROOM,BRONX,3535,RIVERDALE AVE,10463.0,Pizza,12.0,A,2016-08-16
50015967,L.A. Pizzeria,QUEENS,2501,JACKSON AVE,11101.0,Pizza,13.0,A,2016-10-19
50016026,S&S PIZZERIA,STATEN ISLAND,480,CASTLETON AVE,10301.0,Pizza,13.0,A,2016-06-28
50016118,PAPA JOHN'S,QUEENS,13338,SPRINGFIELD BLVD,11413.0,Pizza,12.0,A,2016-04-23
50016265,ADORO LEI,MANHATTAN,287,HUDSON ST,10013.0,Pizza,11.0,A,2016-12-02
50016351,ROSA'S PIZZA,MANHATTAN,2,W 14TH ST,10011.0,Pizza,23.0,B,2016-11-03
50016565,HARLEM PIZZA CO.,MANHATTAN,135,W 116TH ST,10026.0,Pizza,10.0,A,2016-04-19
50016604,PAPA JOHN'S,BRONX,161,W 231ST ST,10463.0,Pizza,11.0,A,2016-09-07
50016624,SHARKEY'S SQUARE,STATEN ISLAND,1910,HYLAN BLVD,10305.0,Pizza,2.0,A,2017-04-17
50016745,PAPA JOHN'S,QUEENS,19922,HOLLIS AVE,11412.0,Pizza,7.0,A,2017-02-08
50016793,FAT CATS PIZZA,QUEENS,3220,34TH AVE,11106.0,Pizza,7.0,A,2016-03-10
50016817,TWO BOOTS,BROOKLYN,284,5TH AVE,11215.0,Pizza,13.0,A,2017-01-07
50016840,PAPA JOHN'S,BROOKLYN,146,LAWRENCE ST,11201.0,Pizza,10.0,A,2017-02-14
50016844,ROSE PIZZA,MANHATTAN,1,PENN PLAZA,10119.0,Pizza,2.0,A,2016-08-05
50017029,RANDAZZO'S PIZZERIA,BROOKLYN,306,DITMAS AVE,11218.0,Pizza,13.0,A,2017-02-22
50017113,GRAND ST PIZZA,BROOKLYN,800,GRAND ST,11211.0,Pizza,34.0,Z,2017-01-12
50017148,NIKE'S PIZZERIA,BRONX,625,E 189TH ST,10458.0,Pizza,24.0,B,2017-01-26
50017150,MAMANI PIZZA,MANHATTAN,151,AVENUE A,10009.0,Pizza,10.0,A,2017-01-30
50017189,THE SQUARE ON ANNADALE,STATEN ISLAND,833,ANNADALE RD,10312.0,Pizza,10.0,A,2016-05-11
50017257,PICK & PAY GYRO & PIZZA,MANHATTAN,30,LEXINGTON AVE,10010.0,Pizza,24.0,B,2016-09-29
50017280,PIZZA ROLLIO,MANHATTAN,1,W 58TH ST,10019.0,Pizza,13.0,A,2016-12-21
50017596,ACAPELLA GOURMET PIZZA & RESTAURANT,BRONX,124,W 238TH ST,10463.0,Pizza,9.0,A,2016-01-22
50017675,BARISTA VERACE PIZZA & CAFE,QUEENS,9244,QUEENS BLVD,11374.0,Pizza,2.0,A,2017-03-15
50017876,Little Gio's Pizza,MANHATTAN,26,1ST AVE,10009.0,Pizza,11.0,A,2016-01-26
50017891,PAPA JOHN'S,BROOKLYN,3528,NOSTRAND AVE,11229.0,Pizza,12.0,A,2017-02-02
50018017,LA BELLEZZA,MANHATTAN,145,E 49TH ST,10017.0,Pizza,11.0,A,2016-03-10
50018111,BROOKLYN BITES,BROOKLYN,867,NOSTRAND AVE,11225.0,Pizza,8.0,A,2017-01-11
50018116,LITTLE CAESARS,BRONX,3572,WHITE PLAINS RD,10467.0,Pizza,12.0,A,2016-03-08
50018117,NEAPOLITAN EXPRESS,MANHATTAN,40,WALL ST,10005.0,Pizza,2.0,A,2016-10-14
50018237,EXPRESS FULTON FRIED CHICKEN & PIZZA,BROOKLYN,547,FULTON ST,11201.0,Pizza,12.0,A,2016-12-14
50018322,PAPA JOHN'S,QUEENS,14714,45TH AVE,11355.0,Pizza,12.0,A,2017-02-14
50018388,BAMBINO PIZZA 11,QUEENS,8001,MYRTLE AVE,11385.0,Pizza,4.0,A,2016-08-02
50018532,ARTICHOKE BASILLE'S PIZZA,QUEENS,2256,31ST ST,11105.0,Pizza,2.0,Z,2017-03-21
50018601,BELLA PIZZA & RESTAURANT,BROOKLYN,208,LIVINGSTON ST,11201.0,Pizza,8.0,A,2016-09-30
50018680,KATONAH PIZZA,BRONX,4307,KATONAH AVE,10470.0,Pizza,7.0,A,2017-01-03
50018697,LEXINGTON PIZZA PARLOR,MANHATTAN,1590,LEXINGTON AVE,10029.0,Pizza,10.0,A,2016-12-15
50018699,PAPA JOHN'S,BROOKLYN,138,4TH AVE,11217.0,Pizza,4.0,A,2016-03-28
50018738,KISS MY SLICE,MANHATTAN,274,W 40TH ST,10018.0,Pizza,4.0,A,2017-03-28
50018854,BRONX PIZZA,BRONX,3414,JEROME AVE,10467.0,Pizza,18.0,B,2016-12-05
50018950,LUIGIS PIZZERIA,BROOKLYN,326,DEKALB AVE,11205.0,Pizza,12.0,A,2016-10-11
50019036,AJ'S PIZZA,QUEENS,7137,AUSTIN ST,11375.0,Pizza,42.0,C,2017-01-23
50019052,YANKEE PIZZA RESTAURANT,MANHATTAN,181,AVENUE C,10009.0,Pizza,4.0,A,2017-02-16
50019253,JO JO PIZZA & BURGERS,BRONX,231B,E 149TH ST,10451.0,Pizza,3.0,A,2016-11-29
50032597,M & R PIZZA,BRONX,7,E 208TH ST,10467.0,Pizza,7.0,A,2016-12-05
50032623,L'INDUSRIE PIZZERIA,BROOKLYN,254,S 2ND ST,11211.0,Pizza,10.0,A,2017-01-31
50032646,ANGELO'S PIZZA,QUEENS,5764,MASPETH AVE,11378.0,Pizza,13.0,A,2016-12-29
50032725,PAPA JOHN'S,BROOKLYN,604,GRAND ST,11211.0,Pizza,12.0,A,2017-04-17
50032780,ABITINO'S PIZZA(CONCOURSE C),QUEENS,ONE,JFK INTERNATIONAL AIRPORT,11430.0,Pizza,7.0,A,2016-06-09
50032893,LA BELLA,QUEENS,4706,GREENPOINT AVE,11104.0,Pizza,12.0,A,2016-09-28
50032998,ZAAZ PIZZA,BROOKLYN,766,CLASSON AVE,11238.0,Pizza,8.0,A,2017-03-18
50033185,BELLA PIZZA,QUEENS,3101,NEWTOWN AVE,11102.0,Pizza,10.0,A,2017-01-25
50033274,BUSHWICK PIZZA PARTY,BROOKLYN,254,IRVING AVE,11237.0,Pizza,10.0,A,2017-02-22
50033304,ASTORIA PIZZA,QUEENS,3204B,30TH AVE,11102.0,Pizza,13.0,A,2016-09-28
50033400,PALACE ON FULTON,BROOKLYN,1882,FULTON ST,11233.0,Pizza,7.0,A,2016-06-24
50033472,MY PIZZA,BRONX,1723,UNIVERSITY AVE,10453.0,Pizza,12.0,A,2017-01-26
50033478,FRESCOS PIZZERIA,MANHATTAN,804,W 187TH ST,10033.0,Pizza,9.0,A,2016-09-08
50033727,PAPA JOHN'S,BROOKLYN,1009,BROADWAY,11221.0,Pizza,10.0,A,2016-11-10
50033742,WHOLESOME GARDEN PIZZA,MANHATTAN,3529,BROADWAY,10031.0,Pizza,13.0,A,2017-04-10
50033757,PAPA JOHN'S,BROOKLYN,189,AVENUE U,11223.0,Pizza,4.0,A,2017-03-13
50033848,CHAMPION PIZZA LUDLOW,MANHATTAN,101,LUDLOW ST,10002.0,Pizza,10.0,A,2016-10-04
50033921,SORRENTOS PIZZA,BRONX,3891,SEDGWICK AVE,10463.0,Pizza,7.0,A,2016-04-18
50033956,DJ PIZZA,MANHATTAN,120,E 34TH ST,10016.0,Pizza,7.0,A,2016-09-30
50033970,DOMINO'S,QUEENS,9614,METROPOLITAN AVE,11375.0,Pizza,12.0,A,2017-03-13
50033988,2 HARLEM BROS PIZZA,MANHATTAN,346,W 145TH ST,10039.0,Pizza,25.0,B,2016-11-21
50034105,ALFIE'S PIZZA AND PASTA,QUEENS,8608,117TH ST,11418.0,Pizza,7.0,A,2017-02-23
50034110,PAPA JOHN'S,QUEENS,3548,31ST ST,11106.0,Pizza,5.0,A,2016-10-18
50034113,NOEL PIZZA,MANHATTAN,553,W 207TH ST,10034.0,Pizza,9.0,A,2016-12-28
50034133,BAMBINO PIZZA,QUEENS,5656,MYRTLE AVE,11385.0,Pizza,12.0,A,2016-02-23
50034380,KRAVE IT,QUEENS,4015,BELL BLVD,11361.0,Pizza,11.0,A,2016-11-16
50034556,DECORA PIZZA,BROOKLYN,8125,5TH AVE,11209.0,Pizza,12.0,A,2016-08-31
50034651,PIZZA STUDIO,BROOKLYN,528,GATEWAY DR,11239.0,Pizza,13.0,A,2016-08-02
50034883,VINCENT AND ANDREA PIZZERIA,QUEENS,11317,JAMAICA AVE,11418.0,Pizza,5.0,A,2016-09-27
50035061,Broadway Pizza,MANHATTAN,1157,BROADWAY,10001.0,Pizza,11.0,A,2016-05-16
50035343,PAPA JOHN'S,QUEENS,9411,ROCKAWAY BLVD,11417.0,Pizza,4.0,A,2016-11-23
50035376,PAPA JOHN'S,MANHATTAN,210,1ST AVE,10009.0,Pizza,19.0,B,2016-07-28
50035385,PAPA JOHN'S,MANHATTAN,343,GRAND ST,10002.0,Pizza,13.0,A,2016-05-24
50035419,NORBERT III PIZZA,BROOKLYN,791,FLUSHING AVE,11206.0,Pizza,12.0,A,2016-03-09
50035660,ROCCOS,MANHATTAN,162,7TH AVE,10011.0,Pizza,13.0,A,2017-03-29
50035899,NEAPOLITAN EXPRESS,MANHATTAN,232,E 111TH ST,10029.0,Pizza,4.0,A,2016-10-05
50036082,LITTLE CAESARS,QUEENS,9422,LIBERTY AVE,11417.0,Pizza,13.0,A,2016-08-12
50036444,ARTURO'S PIZZA,MANHATTAN,1610,YORK AVE,10028.0,Pizza,5.0,A,2016-11-28
50036867,SAPORE DI CASA,QUEENS,22330,UNION TPKE,11364.0,Pizza,12.0,A,2016-10-11
50036974,BIG AL'S PIZZA,STATEN ISLAND,4069,HYLAN BLVD,10308.0,Pizza,7.0,A,2017-03-16
50037026,PAPA JOHN'S,BROOKLYN,1654,86TH ST,11214.0,Pizza,11.0,A,2016-12-15
50037152,PAPA JOHN'S,MANHATTAN,703,LENOX AVE,10039.0,Pizza,10.0,A,2016-08-19
50037168,MISTER PIZZA,BRONX,155,E 149TH ST,10451.0,Pizza,10.0,A,2017-01-27
50037394,KRAZY CHICKEN & PIZZA,BROOKLYN,299,MALCOLM X BLVD,11233.0,Pizza,12.0,A,2016-09-13
50037412,ROBERTA'S PIZZA,MANHATTAN,230,PARK AVE,10169.0,Pizza,10.0,A,2016-06-02
50037424,MAX'S PIZZERIA,QUEENS,NKA,JFK TRAVEL PLAZA,11430.0,Pizza,13.0,A,2017-01-20
50037525,BRADO THIN CRUST PIZZA,BROOKLYN,155,ATLANTIC AVE,11201.0,Pizza,8.0,A,2016-12-21
50037645,JOE'S PIZZA,BROOKLYN,216,BEDFORD AVE,11249.0,Pizza,9.0,A,2017-02-03
50037937,AEGEA WEST,QUEENS,24205,NORTHERN BLVD,11362.0,Pizza,9.0,A,2016-09-21
50038022,FAMOUS FAMIGLIA PIZZERIA,MANHATTAN,4020,BROADWAY,10032.0,Pizza,5.0,A,2016-10-04
50038040,PZA,QUEENS,NKA,JFK INTL ARPT,11422.0,Pizza,4.0,A,2017-04-19
50038127,PIZZA SPOT,QUEENS,8638,96TH ST,11421.0,Pizza,12.0,A,2016-12-28
50038737,LISSETT OMAR,BRONX,392,E 149TH ST,10455.0,Pizza,9.0,A,2016-03-17
50038904,LOUIS PIZZERIA,BRONX,1840,NEREID AVE,10466.0,Pizza,9.0,A,2016-08-08
50038967,PAPA JOHN'S,MANHATTAN,2119,1ST AVE,10029.0,Pizza,5.0,A,2017-02-14
50039079,FARINELLA,MANHATTAN,267,AMSTERDAM AVE,10023.0,Pizza,12.0,A,2016-08-09
50039491,2 BRO'S PIZZA,MANHATTAN,601,6TH AVE,10011.0,Pizza,4.0,A,2016-12-12
50039946,NEW PEPERONI'S PIZZA,BRONX,1308,LAFAYETTE AVE,10474.0,Pizza,2.0,A,2016-06-09
50040054,MOLO,STATEN ISLAND,987,BAY ST,10305.0,Pizza,12.0,A,2016-09-01
50040490,SLICE,QUEENS,4811,VERNON BLVD,11101.0,Pizza,11.0,A,2017-02-15
50040571,PIZZA WORLD,BRONX,509,E 163RD ST,10451.0,Pizza,13.0,A,2016-06-09
50040586,LUNETTA PIZZA,MANHATTAN,245,3RD AVE,10010.0,Pizza,7.0,A,2016-11-18
50040670,TUTI'S PIZZERIA RESTAURANT,BRONX,34,W 183RD ST,10453.0,Pizza,12.0,A,2016-08-11
50041043,BRAVO PIZZA,MANHATTAN,257,PARK AVE S,10010.0,Pizza,10.0,A,2017-01-13
50041154,FAHR FRESH AND HOT PIZZA,MANHATTAN,117,ORCHARD ST,10002.0,Pizza,10.0,A,2016-12-13
50041215,LITTLE CAESARS,MANHATTAN,1332,SAINT NICHOLAS AVE,10033.0,Pizza,10.0,A,2016-10-06
50041218,LITTLE CAESARS,MANHATTAN,3830,BROADWAY,10032.0,Pizza,7.0,A,2016-12-13
50041320,A & L PIZZA RESTAURANT,BROOKLYN,6024,18TH AVE,11204.0,Pizza,23.0,B,2016-11-15
50041522,MOLTO BUONA PIZZA,BRONX,157,E 170TH ST,10452.0,Pizza,2.0,A,2016-11-10
50041565,Sicilia Pizzeria,QUEENS,3125,THOMSON AVE,11101.0,Pizza,27.0,B,2017-01-26
50041602,MARIO'S PIZZA & RESTAURANT,QUEENS,7709,37TH AVE,11372.0,Pizza,10.0,A,2016-06-08
50042058,I PIZZA 49,MANHATTAN,707,9TH AVE,10019.0,Pizza,12.0,A,2016-09-06
50042061,I PIZZA NY,MANHATTAN,642,9TH AVE,10036.0,Pizza,10.0,A,2016-07-21
50042180,MARIO'S PIZZA 2,BRONX,1011,WESTCHESTER AVE,10459.0,Pizza,18.0,B,2016-10-07
50042702,THE CORNER PIZZA SHOP,BRONX,3399,JEROME AVE,10467.0,Pizza,3.0,A,2016-12-27
50042768,PAPA JOHN'S,QUEENS,10303,101ST AVE,11416.0,Pizza,11.0,A,2017-02-13
50042876,BOSTON PIZZA,QUEENS,3705,BROADWAY,11103.0,Pizza,10.0,A,2016-11-16
50042971,L.J. PIZZA,BRONX,977,E 233RD ST,10466.0,Pizza,11.0,A,2016-04-06
50043145,PIEZANO PIZZA,MANHATTAN,94,NAGLE AVE,10040.0,Pizza,7.0,A,2016-06-02
50043179,SABA'S PIZZA,MANHATTAN,403,AMSTERDAM AVE,10024.0,Pizza,10.0,A,2016-11-28
50043193,NOCCIOLA PIZZERIA,MANHATTAN,123,E 110TH ST,10029.0,Pizza,13.0,A,2017-03-23
50043263,PARKSIDE,BROOKLYN,705,FLATBUSH AVE,11225.0,Pizza,5.0,A,2016-04-14
50043387,LINDA PIZZA,BRONX,3240,3RD AVE,10451.0,Pizza,17.0,B,2016-08-08
50043393,TONY'S PIZZERIA,BROOKLYN,175,NASSAU AVE,11222.0,Pizza,8.0,A,2017-02-14
50043497,BKLYN PIZZA CO.,BROOKLYN,36,RALPH AVE,11221.0,Pizza,6.0,A,2016-10-11
50043500,APNAR SWEETS AND BAKERY,QUEENS,16719,HILLSIDE AVE,11432.0,Pizza,16.0,B,2017-02-11
50043534,DELAFIELD PIZZA,STATEN ISLAND,731,DELAFIELD AVE,10310.0,Pizza,12.0,A,2016-03-15
50043710,ZURILEE,BROOKLYN,755,FLATBUSH AVE,11226.0,Pizza,12.0,A,2017-02-16
50043730,PIZZA BAR,MANHATTAN,151,W 34TH ST,10001.0,Pizza,9.0,A,2017-01-23
50043774,WANTED,MANHATTAN,104,FULTON ST,10038.0,Pizza,9.0,A,2016-06-28
50043795,NEW FRESH PIZZA,BROOKLYN,2703,CHURCH AVE,11226.0,Pizza,12.0,A,2016-03-22
50043798,DOMINO'S,QUEENS,6314,QUEENS BLVD,11377.0,Pizza,9.0,A,2017-01-26
50043951,PAPA JOHN'S,BRONX,3746,3RD AVE,10456.0,Pizza,8.0,A,2016-10-26
50044029,PAPA JOHN'S,BRONX,1520,WESTCHESTER AVE,10472.0,Pizza,10.0,A,2017-01-17
50044033,PAPA JOHN'S,BRONX,868,E TREMONT AVE,10460.0,Pizza,40.0,Z,2017-04-03
50044034,PAPA JOHN'S,BRONX,1979,JEROME AVE,10453.0,Pizza,13.0,A,2016-06-01
50044118,GALLERIA PIZZA,QUEENS,9520,101ST AVE,11416.0,Pizza,12.0,A,2016-10-26
50044144,PAPA JOHN'S,BRONX,475,WILLIS AVE,10455.0,Pizza,2.0,A,2017-03-10
50044430,JOJO PIZZA #2,BRONX,906,E 180TH ST,10460.0,Pizza,11.0,A,2017-02-28
50044510,LITTLE CAESARS PIZZA,BROOKLYN,1448,NOSTRAND AVE,11226.0,Pizza,3.0,A,2017-03-20
50044517,DOMINO'S,STATEN ISLAND,1785,VICTORY BLVD,10314.0,Pizza,12.0,A,2017-04-13
50044603,CASSA NORMA PIZZA CONCESSION,MANHATTAN,4,PENN PLZ,10121.0,Pizza,2.0,A,2017-03-16
50044648,PARKWAY PIZZA,QUEENS,1905,UTOPIA PKWY,11357.0,Pizza,11.0,A,2017-03-20
50044698,II FORNO PIZZA AND PASTA RESTAURANT,MANHATTAN,343,2ND AVE,10003.0,Pizza,22.0,B,2016-11-28
50044780,CASA NONNA,MANHATTAN,4,PENN PLZ,10121.0,Pizza,0.0,A,2017-03-16
50044818,J&M PIZZA,QUEENS,263,BEACH 20TH ST,11691.0,Pizza,12.0,A,2017-02-17
50044891,DOMINO'S,QUEENS,150-29,CROSS BAY BLVD,11414.0,Pizza,8.0,A,2017-01-04
50044895,ALIOTTA'S PIZZA,STATEN ISLAND,6833,AMBOY RD,10309.0,Pizza,12.0,A,2016-07-12
50044933,PIZZAMARU,QUEENS,15616,NORTHERN BLVD,11354.0,Pizza,12.0,A,2016-08-02
50045074,BELLA ROMA PIZZA,MANHATTAN,401,E 57TH ST,10022.0,Pizza,8.0,A,2016-10-25
50045291,BROOKLYN PIZZERIA,BROOKLYN,1351,SAINT JOHNS PL,11213.0,Pizza,2.0,A,2017-01-20
50045305,DOMINO'S,MANHATTAN,440,E 14TH ST,10009.0,Pizza,5.0,A,2016-12-21
50045338,THE NEW PIZZA PROFESSOR,QUEENS,14125,JEWEL AVE,11367.0,Pizza,9.0,A,2017-04-19
50045353,LITTLE ITALY PIZZA,MANHATTAN,46,FULTON ST,10038.0,Pizza,12.0,A,2016-10-07
50045360,LITTLE CAESARS,BROOKLYN,456,SUTTER AVE,11212.0,Pizza,11.0,A,2017-04-06
50045361,LITTLE CAESARS,BROOKLYN,190,E 98TH ST,11212.0,Pizza,3.0,A,2017-02-28
50045362,LITTLE CAESARS,BROOKLYN,300,WYCKOFF AVE,11237.0,Pizza,10.0,A,2017-01-04
50045376,ASTORIA FAMILY PIZZA,QUEENS,1927,DITMARS BLVD,11105.0,Pizza,13.0,A,2016-05-19
50045409,RIOSSI PIZZA,MANHATTAN,4417,BROADWAY,10040.0,Pizza,9.0,A,2016-10-31
50045422,DOMINIC'S GOURMET PIZZA,BRONX,1015,ALLERTON AVE,10469.0,Pizza,7.0,A,2017-03-20
50045453,PAPA JOHN'S PIZZA,QUEENS,9035,CORONA AVE,11373.0,Pizza,7.0,A,2017-02-13
50045454,LITTLE CAESARS,BROOKLYN,1491,BROADWAY,11221.0,Pizza,8.0,A,2017-03-30
50045660,DOMINO'S,BROOKLYN,2048,ROCKAWAY PKWY,11236.0,Pizza,43.0,Z,2017-01-10
50045670,DOMINO'S,BROOKLYN,954,NOSTRAND AVE,11225.0,Pizza,3.0,A,2017-02-27
50045887,SCARR'S PIZZA,MANHATTAN,22,ORCHARD ST,10002.0,Pizza,10.0,A,2016-10-21
50045890,La Margarita,MANHATTAN,151,LUDLOW ST,10002.0,Pizza,12.0,A,2017-03-07
50046025,PIZZERIA SIRENETTA,MANHATTAN,568,AMSTERDAM AVE,10024.0,Pizza,12.0,A,2016-10-25
50046034,LEO'S PIZZA,BROOKLYN,2726,MERMAID AVE,11224.0,Pizza,34.0,Z,2017-01-21
50046131,PIZZA HUT,BROOKLYN,1501,PITKIN AVE,11212.0,Pizza,7.0,A,2017-03-29
50046138,PIZZA HUT,BRONX,765,E GUN HILL RD,10467.0,Pizza,6.0,A,2016-05-26
50046165,BELLA PIZZA,BROOKLYN,1712,PITKIN AVE,11212.0,Pizza,12.0,A,2017-04-17
50046224,BAKER'S PIZZA,MANHATTAN,201,AVENUE A,10009.0,Pizza,38.0,Z,2017-04-03
50046229,PAPA JOHN'S PIZZA,BRONX,3929,WHITE PLAINS RD,10466.0,Pizza,12.0,A,2016-04-09
50046277,PAPA JOHN'S,BROOKLYN,1612,NEPTUNE AVE,11224.0,Pizza,22.0,B,2016-07-20
50046323,VINNIE'S PIZZERIA,MANHATTAN,1603,2ND AVE,10028.0,Pizza,13.0,A,2016-12-08
50046395,CIRO'S PIZZA,QUEENS,171,BEACH 116TH ST,11694.0,Pizza,12.0,A,2017-03-06
50046425,2 BROS PIZZA,MANHATTAN,557,8TH AVE,10018.0,Pizza,2.0,A,2016-05-05
50046427,2 BROS PIZZA,MANHATTAN,755,6TH AVE,10010.0,Pizza,3.0,A,2017-03-16
50046498,DUGI'S PIZZA,BRONX,206,W 236TH ST,10463.0,Pizza,2.0,A,2016-08-10
50046501,NICKY'S PIZZA RESTAURANT,BRONX,3070,BAINBRIDGE AVE,10467.0,Pizza,7.0,A,2016-10-27
50046510,J & M BELLA PIZZA,BRONX,3467,BOSTON RD,10469.0,Pizza,12.0,A,2017-03-20
50046588,LUIGI'S PIZZA,BROOKLYN,1615,AVENUE U,11229.0,Pizza,2.0,A,2017-01-17
50046627,ALEXANDRA PIZZA,BRONX,689,E 187TH ST,10458.0,Pizza,19.0,B,2016-05-09
50046647,LITTLE CAESARS PIZZA,BROOKLYN,715,BROADWAY,11206.0,Pizza,12.0,A,2017-04-20
50046649,LITTLE CAESARS PIZZA,BROOKLYN,1431,FULTON ST,11216.0,Pizza,2.0,A,2016-12-08
50046653,LITTLE CEASARS PIZZA,BROOKLYN,1164,BROADWAY,11221.0,Pizza,0.0,A,2016-03-25
50046654,LITTLE CAESARS,BROOKLYN,535,UTICA AVE,11203.0,Pizza,10.0,A,2016-03-31
50046725,Make and Bake Pizza,MANHATTAN,1976,3RD AVE,10029.0,Pizza,10.0,A,2017-02-09
50046844,DOMINO'S,MANHATTAN,965,AMSTERDAM AVE,10025.0,Pizza,10.0,A,2016-04-14
50046885,ROLL LITO'S PIZZA,QUEENS,2650A,4TH ST,11102.0,Pizza,12.0,A,2016-09-13
50046939,ARMANDO'S PIZZA,BROOKLYN,5119,AVENUE U,11234.0,Pizza,12.0,A,2016-04-14
50047029,3 BROS 99 CENT PIZZA,QUEENS,2503,30TH AVE,11102.0,Pizza,7.0,A,2016-10-19
50047096,MIMO'S PIZZA,BROOKLYN,7203,18TH AVE,11204.0,Pizza,12.0,A,2016-06-24
50047139,SOTTOCASA PIZZERIA,MANHATTAN,227,LENOX AVE,10027.0,Pizza,10.0,A,2016-11-16
50047191,Natalie's Pizza,QUEENS,8756,PARSONS BLVD,11432.0,Pizza,12.0,A,2017-03-16
50047227,NEW CAMPENA PIZZERIA,STATEN ISLAND,300,MORNINGSTAR RD,10303.0,Pizza,27.0,B,2017-02-07
50047231,EMILIA'S PIZZERIA,QUEENS,3705,28TH AVE,11103.0,Pizza,13.0,A,2017-01-04
50047255,QUEENS BLVD PIZZERIA,QUEENS,8904,QUEENS BLVD,11373.0,Pizza,2.0,A,2016-12-14
50047416,PIZZA ON THE RUN,BROOKLYN,2914,STILLWELL AVE,11224.0,Pizza,0.0,A,2016-08-02
50047483,LOVE AND DOUGH,BROOKLYN,68,JAY ST,11201.0,Pizza,8.0,A,2016-04-22
50047612,PIE SMITH,BROOKLYN,679,GRAND ST,11211.0,Pizza,6.0,A,2016-06-22
50047621,NALLELI PIZZA & TACOS,BRONX,961,LEGGETT AVE,10455.0,Pizza,13.0,A,2017-01-10
50047688,EMMY SQUARED,BROOKLYN,364,GRAND ST,11211.0,Pizza,10.0,A,2016-08-18
50047697,LENNY'S PIZZA,QUEENS,4408,GREENPOINT AVE,11104.0,Pizza,9.0,A,2016-04-09
50047738,BENNY'S BRICK OVEN PIZZA,BROOKLYN,419,KINGSTON AVE,11225.0,Pizza,21.0,B,2016-10-19
50047769,LITTLE CAESAR'S,MANHATTAN,377,W 125TH ST,10027.0,Pizza,10.0,A,2016-07-27
50047862,JUSTINOS,MANHATTAN,881,10TH AVE,10019.0,Pizza,9.0,A,2017-01-13
50047906,PIZZA,MANHATTAN,51,COLUMBIA ST,10002.0,Pizza,12.0,A,2017-04-17
50047907,CHAMPION PIZZA,MANHATTAN,123,ESSEX ST,10002.0,Pizza,5.0,A,2016-07-13
50047950,GINA'S PIZZA PASTA CAFE,QUEENS,12415,ROCKAWAY BLVD,11420.0,Pizza,28.0,C,2016-11-17
50047981,TWO BOOTS MIDTOWN EAST,MANHATTAN,337,LEXINGTON AVE,10016.0,Pizza,13.0,A,2016-08-19
50048149,MEDITERRANEO PIZZA,MANHATTAN,1593,SAINT NICHOLAS AVE,10040.0,Pizza,9.0,A,2016-07-05
50048355,SALITO'S PIZZA & CAFE,QUEENS,9312,LIBERTY AVE,11417.0,Pizza,9.0,A,2016-08-23
50048361,ANTILLANA PIZZERIA,BRONX,1112,WESTCHESTER AVE,10459.0,Pizza,11.0,A,2016-04-12
50048512,EXCLUSIVE PIZZA,BROOKLYN,3033,AVENUE V,11229.0,Pizza,7.0,A,2016-08-01
50048751,FARMERS KITCHEN,QUEENS,9023,37TH AVE,11372.0,Pizza,23.0,B,2017-03-17
50048760,BOSA OF HARLEM,MANHATTAN,256,E 125TH ST,10035.0,Pizza,12.0,A,2016-07-15
50048772,CREPES and PIZZA,MANHATTAN,2143,7TH AVE,10027.0,Pizza,5.0,A,2016-09-23
50048777,BELLEROSE FAMOUS PIZZA,QUEENS,9910,63RD RD,11374.0,Pizza,11.0,A,2016-09-09
50048923,Milly's Pizzeria,BROOKLYN,834,BROADWAY,11206.0,Pizza,11.0,A,2016-05-03
50049199,KINGS PIZZA,BRONX,131,W KINGSBRIDGE RD,10468.0,Pizza,22.0,B,2016-06-27
50049271,TONY'S PIZZA,BROOKLYN,336,KNICKERBOCKER AVE,11237.0,Pizza,13.0,A,2016-05-24
50049293,BROADWAY BAKERY & PIZZA,QUEENS,11902,LIBERTY AVE,11419.0,Pizza,10.0,B,2017-01-11
50049300,ABITINO'S PIZZA,MANHATTAN,730,10TH AVE,10019.0,Pizza,11.0,A,2017-02-21
50049322,PREGO'S PIZZA,BRONX,1011,MACE AVE,10469.0,Pizza,10.0,A,2016-09-28
50049328,212 PIZZAMAN,MANHATTAN,188,E 104TH ST,10029.0,Pizza,11.0,A,2016-08-30
50049373,PAPA JOHN'S PIZZA,MANHATTAN,1709,AMSTERDAM AVE,10031.0,Pizza,2.0,A,2016-09-15
50049500,BODEGA PIZZA,MANHATTAN,4455,BROADWAY,10040.0,Pizza,12.0,A,2016-10-18
50049538,99 CENTS TASTY HOT PIZZA,MANHATTAN,360,W 42ND ST,10036.0,Pizza,0.0,A,2016-10-21
50049539,99Â¢ FRESH PIZZA,MANHATTAN,143,W 40TH ST,10018.0,Pizza,13.0,A,2017-02-13
50049577,99 CENT FRESH PIZZA,MANHATTAN,151,E 43RD ST,10017.0,Pizza,3.0,A,2017-04-19
50049579,99 CENTS FRESH PIZZA,MANHATTAN,473-A,LEXINGTON AVE,10017.0,Pizza,11.0,A,2016-08-17
50049678,DOMINO'S,MANHATTAN,45,CATHERINE ST,10038.0,Pizza,2.0,A,2016-09-22
50049765,ANGELO'S PIZZA,QUEENS,3219,GREENPOINT AVE,11101.0,Pizza,8.0,A,2016-05-11
50049843,BARTOW PIZZA,BRONX,2045,BARTOW AVE,10475.0,Pizza,2.0,A,2017-02-07
50049939,HILLSIDE PIZZA,QUEENS,16904,HILLSIDE AVE,11432.0,Pizza,11.0,A,2016-12-08
50050262,STANTON PIZZA,MANHATTAN,127,STANTON ST,10002.0,Pizza,2.0,A,2016-09-15
50050442,SOFIA PIZZA SHOPPE,MANHATTAN,989,1ST AVE,10022.0,Pizza,4.0,A,2016-08-31
50050523,MARIO'S PIZZA,QUEENS,14929,GUY R BREWER BLVD,11434.0,Pizza,7.0,A,2016-12-30
50050704,99 Cent Tasty Pizza 6 Ave Inc.,MANHATTAN,388,AVE OF THE AMERICAS,10011.0,Pizza,5.0,A,2017-04-04
50050795,I LOVE NY PIZZA,BRONX,2086,ARTHUR AVE,10457.0,Pizza,4.0,A,2017-03-31
50051001,J & D PIZZERIA & RESTAURANT,BROOKLYN,2530,PITKIN AVE,11208.0,Pizza,12.0,A,2016-10-04
50051127,MOMENTO'S PIZZA COFFEE SHOP,QUEENS,4053,99TH ST,11368.0,Pizza,10.0,A,2016-09-26
50051351,JOE'S PIZZA,QUEENS,8714,ROCKAWAY BEACH BLVD,11693.0,Pizza,3.0,A,2016-12-06
50051668,JOE & SAL'S PIZZERIA,BROOKLYN,842,FRANKLIN AVE,11225.0,Pizza,12.0,A,2016-11-09
50051867,MARTINIELLOS,QUEENS,675,ONDERDONK AVE,11385.0,Pizza,9.0,A,2016-09-28
50051873,BELLA PIZZA,QUEENS,13462,SPRINGFIELD BLVD,11413.0,Pizza,14.0,B,2016-10-31
50051899,PAPA JOHN,QUEENS,15039,14TH AVE,11357.0,Pizza,7.0,A,2016-11-03
50051941,GOOD FELLAS PIZZA SHACK,BRONX,1413,BRONX RIVER AVE,10472.0,Pizza,8.0,A,2017-01-17
50052333,AROMA PIZZA AND CAFE,MANHATTAN,600,W 188TH ST,10040.0,Pizza,9.0,A,2016-08-11
50052365,GRANDMA'S ORIGINAL PIZZA,BROOKLYN,6918,3RD AVE,11209.0,Pizza,12.0,A,2016-09-19
50052407,ZESTY PIZZA & SALUMERIA,MANHATTAN,1670,3RD AVE,10128.0,Pizza,11.0,A,2017-01-20
50052462,LUIGI PIZZERIA & RESTAURANT,QUEENS,20515,35TH AVE,11361.0,Pizza,13.0,A,2016-09-15
50052920,ROYAL PIZZERIA,QUEENS,5506,MYRTLE AVE,11385.0,Pizza,12.0,A,2016-09-17
50053137,PIZZA D' BROOKLYN,BROOKLYN,7810,20TH AVE,11214.0,Pizza,26.0,B,2017-02-27
50053360,GOTHAM PIZZA,MANHATTAN,88,3RD AVE,10003.0,Pizza,5.0,A,2016-11-22
50053361,SAC'S PLACE OF JACKSON HEIGHTS,QUEENS,8614,37TH AVE,11372.0,Pizza,7.0,A,2016-12-12
50053564,HOUSE PIZZA,BRONX,246,E 204TH ST,10458.0,Pizza,13.0,A,2016-10-20
50053676,SBARRO,MANHATTAN,4007,BROADWAY,10032.0,Pizza,9.0,A,2017-01-03
50053917,ROSSETT'S PIZZA,MANHATTAN,114,AVENUE OF THE AMERICAS,10013.0,Pizza,11.0,A,2016-10-13
50054076,3 SISTERS PIZZA,BRONX,324,E 194TH ST,10458.0,Pizza,11.0,A,2017-02-21
50054385,SABA'S PIZZA,MANHATTAN,1217,LEXINGTON AVE,10028.0,Pizza,7.0,A,2016-10-27
50054464,Northern Fried Chicken and Pizza,QUEENS,10402,NORTHERN BLVD,11368.0,Pizza,8.0,A,2016-12-21
50054604,JUSTIN PIZZA,BRONX,840,RIVER AVE,10451.0,Pizza,11.0,A,2016-11-10
50054964,GEO'S PIZZERIA,QUEENS,13512,JAMAICA AVE,11418.0,Pizza,10.0,A,2017-01-11
50055044,TONY'S FAMOUS PIZZA,QUEENS,10918,JAMAICA AVE,11418.0,Pizza,9.0,A,2017-01-11
50055657,TRENTA-TRE PIZZERIA,MANHATTAN,171,MADISON AVE,10016.0,Pizza,12.0,A,2017-02-21
50056069,WAHIZZA,MANHATTAN,4484,BROADWAY,10040.0,Pizza,38.0,Z,2017-04-13
50056150,PIZZA PLUS,BROOKLYN,1895,CONEY ISLAND AVE,11230.0,Pizza,10.0,A,2016-12-13
50056282,GOD BLESS PIZZA,QUEENS,17903,JAMAICA AVE,11432.0,Pizza,16.0,B,2017-01-28
50056305,MONTE PIZZA,BRONX,360,E 188TH ST,10458.0,Pizza,13.0,A,2016-11-03
50056382,ARTISTIC STITCH SPORTS COMPLEX(PARTY PLACE),QUEENS,7908,COOPER AVE,11385.0,Pizza,5.0,A,2016-11-16
50056508,MIKE'S PIZZA,QUEENS,6107,UTOPIA PKWY,11365.0,Pizza,5.0,A,2016-10-31
50056622,MATESE PIZZERIA,QUEENS,2615,FRANCIS LEWIS BLVD,11358.0,Pizza,9.0,A,2016-12-14
50056756,FRESH PIZZA 99 CENTS,MANHATTAN,1032,6TH AVE,10018.0,Pizza,12.0,A,2016-12-20
50056825,BELLA MIA PIZZA,BROOKLYN,24,AVENUE O,11204.0,Pizza,18.0,B,2017-02-22
50056919,SLICE ASTORIA,QUEENS,3708,30TH AVE,11103.0,Pizza,8.0,A,2017-01-18
50057006,ARTICHOKE PIZZA,BROOKLYN,18,WYCKOFF AVE,11237.0,Pizza,10.0,A,2017-02-02
50057010,ARTICHOKE BASILLE'S PIZZA,BROOKLYN,9102,4TH AVE,11209.0,Pizza,9.0,A,2016-12-05
50057031,DOUGH BY LICASTRI,STATEN ISLAND,1456,RICHMOND RD,10304.0,Pizza,2.0,A,2017-03-22
50057129,M2O PIZZA,STATEN ISLAND,2381,HYLAN BLVD,10306.0,Pizza,2.0,A,2017-03-09
50057226,LITTLE CEASARS,QUEENS,5725,ROOSEVELT AVE,11377.0,Pizza,2.0,A,2017-01-05
50057227,PASHA PIZZA PITA,BROOKLYN,665,CLASSON AVE,11238.0,Pizza,2.0,A,2017-02-03
50057291,LORENZO'S,BROOKLYN,1702,86TH ST,11214.0,Pizza,9.0,A,2017-01-05
50057391,MUNCHIES,QUEENS,12301,LIBERTY AVE,11419.0,Pizza,10.0,A,2017-01-19
50057422,BELLA NAPOLI,BRONX,769,ALLERTON AVE,10467.0,Pizza,7.0,A,2016-12-28
50057459,LITTLE ITALY PIZZA,MANHATTAN,696,9TH AVE,10036.0,Pizza,9.0,A,2017-01-31
50057519,BELLA PIZZA AND GRILL,QUEENS,8917A,165TH ST,11432.0,Pizza,37.0,C,2017-01-09
50057566,DOMINO'S,QUEENS,24722D,S CONDUIT AVE,11422.0,Pizza,5.0,A,2017-01-30
50057819,FRATELLI'S PIZZERIA,BROOKLYN,7203,18TH AVE,11204.0,Pizza,10.0,A,2016-12-14
50057922,FIVE BROTHERS PIZZA,BROOKLYN,2650,CONEY ISLAND AVE,11223.0,Pizza,7.0,A,2016-12-27
50058321,SUMA PIZZA,BRONX,86,E 161ST ST,10451.0,Pizza,2.0,A,2017-02-23
50058340,LITTLE CAESARS,MANHATTAN,1936,3RD AVE,10029.0,Pizza,2.0,A,2017-03-22
50058368,PRIMADONNA,QUEENS,10018,QUEENS BLVD,11375.0,Pizza,12.0,A,2017-01-19
50058421,LITTLE CAESARS,BROOKLYN,535,UTICA AVE,11203.0,Pizza,10.0,A,2017-02-17
50058434,NORA PIZZA,BRONX,2456,EASTCHESTER RD,10469.0,Pizza,54.0,Z,2017-03-24
50058493,NEW YORK SAL'S PIZZERIA,MANHATTAN,696,10TH AVE,10019.0,Pizza,5.0,A,2017-03-21
50058534,LA REGINA PIZZERIA,QUEENS,6008,KISSENA BLVD,11355.0,Pizza,8.0,A,2017-03-02
50058548,PINO'S PIZZERIA,STATEN ISLAND,1026,ROSSVILLE AVE,10309.0,Pizza,5.0,A,2017-01-19
50058564,DREAMERS PIZZA,MANHATTAN,1850,3RD AVE,10029.0,Pizza,2.0,A,2017-02-02
50058702,ROMA PIZZA & PASTA,QUEENS,1001,36TH AVE,11106.0,Pizza,2.0,A,2017-03-02
50058728,"THREE BROTHERS PIZZERIA & RESTAURANT, INC",BROOKLYN,805,VAN SICLEN AVE,11207.0,Pizza,9.0,A,2017-03-20
50058769,BROOKLYN PIZZA CREW,BROOKLYN,758,NOSTRAND AVE,11216.0,Pizza,10.0,A,2017-03-01
50058787,Pizza Guys,BROOKLYN,93,HOWARD AVE,11233.0,Pizza,15.0,B,2017-02-13
50058843,PITT PIZZERIA,MANHATTAN,85,PITT ST,10002.0,Pizza,21.0,Z,2017-03-23
50058878,DOMINO'S,BROOKLYN,1544,BROADWAY,11221.0,Pizza,22.0,Z,2017-02-28
50058880,DOMINO'S,BRONX,2721,BRONXWOOD AVE,10469.0,Pizza,2.0,A,2017-02-15
50058886,DOMINO'S,QUEENS,8717,LEFFERTS BLVD,11418.0,Pizza,5.0,A,2017-03-31
50058895,CROWN CHICKEN AND PIZZA,STATEN ISLAND,3007,RICHMOND TER,10303.0,Pizza,22.0,B,2017-02-28
50058897,PAPA JOHNS PIZZA/CAFE ROCKAWAYS CHICKEN THINGS,QUEENS,4901,BEACH CHANNEL DR,11691.0,Pizza,24.0,B,2017-02-01
50058921,PIERS PIZZA COMPANY,MANHATTAN,61,CHELSEA PIERS PIER,10011.0,Pizza,2.0,A,2017-03-22
50058953,DOMINO'S,MANHATTAN,1988,AMSTERDAM AVE,10032.0,Pizza,12.0,A,2017-03-03
50059215,LA BELLA PIZZA,QUEENS,4706,GREENPOINT AVE,11104.0,Pizza,25.0,Z,2017-03-23
50059380,O & O PIZZA,BRONX,1448,EAST AVE,10462.0,Pizza,51.0,Z,2017-04-06
50059425,BETO'S MEXICAN FOOD PIZZA & BURGERS,BRONX,301,E 181ST ST,10457.0,Pizza,38.0,Z,2017-04-04
50059706,NOEL'S PIZZA 2,BRONX,38,W FORDHAM RD,10468.0,Pizza,12.0,A,2017-04-13
50059711,TWO BOOTS TO GO WEST,MANHATTAN,201,W 11TH ST,10014.0,Pizza,7.0,A,2017-03-10
50059739,SALVATORE'S NY PIZZA,BRONX,119,E 183RD ST,10453.0,Pizza,10.0,A,2017-03-23
50059778,EMMY SQUARED,BROOKLYN,364,GRAND ST,11211.0,Pizza,11.0,A,2017-04-17
50059943,LINDA'S WINGK BOY PIZZERIA,BRONX,729,E TREMONT AVE,10457.0,Pizza,12.0,A,2017-03-31
50059977,LUIGI'S PIZZA,MANHATTAN,2127,AMSTERDAM AVE,10032.0,Pizza,2.0,A,2017-03-03
50060049,TRADITA BRICK OVEN PIZZA,BRONX,292,E 204TH ST,10467.0,Pizza,4.0,A,2017-03-27
50060439,LA VERA PIZZA,MANHATTAN,922,2ND AVE,10017.0,Pizza,9.0,A,2017-03-24
50060695,2 BROS PIZZA,QUEENS,16417,JAMAICA AVE,11432.0,Pizza,7.0,Z,2017-04-10
50062741,LA ROMANA PIZZERIA,BROOKLYN,755,GRAND ST,11211.0,Pizza,6.0,A,2017-04-18
